,Kecamatan,Kecamatan Latitude,Kecamatan Longitude,Venue,Venue Latitude,Venue Longitude,Venue Category
0,CENGKARENG,-6.1490933,106.73478100000001,XXI Puri Indah Mall,-6.151018337252608,106.73398277361841,Movie Theater
1,CENGKARENG,-6.1490933,106.73478100000001,Studio 29,-6.146642554033565,106.73227380822982,Music Venue
2,CENGKARENG,-6.1490933,106.73478100000001,Laut Dadap,-6.148721908253163,106.73294036575736,Harbor / Marina
3,CENGKARENG,-6.1490933,106.73478100000001,Family Mart City Park Apartement,-6.146726144996763,106.73564142165156,Night Market
4,CENGKARENG,-6.1490933,106.73478100000001,Mie Baso,-6.149799,106.730642,Restaurant
5,CENGKARENG,-6.1490933,106.73478100000001,bebek penyet ayu ros,-6.152406215667725,106.73737335205078,Diner
6,GROGOL PETAMBURAN,-6.1641878,106.7883166,RM Sinar Minang,-6.166565812626671,106.7864625849273,Indonesian Restaurant
7,GROGOL PETAMBURAN,-6.1641878,106.7883166,Bakmi Aloi,-6.162658654487163,106.79108901264827,Noodle House
8,GROGOL PETAMBURAN,-6.1641878,106.7883166,Bakmi Ayam Acang,-6.165009242200759,106.79137602792542,Noodle House
9,GROGOL PETAMBURAN,-6.1641878,106.7883166,Bakmie Keriting Siantar 36,-6.165403288065724,106.791395349703,Chinese Restaurant
10,GROGOL PETAMBURAN,-6.1641878,106.7883166,Mie Ayam Uban,-6.1642084,106.79055,Noodle House
11,GROGOL PETAMBURAN,-6.1641878,106.7883166,RM Sinar Minang - Masakan Padang,-6.166589437513066,106.78644965119894,Indonesian Restaurant
12,GROGOL PETAMBURAN,-6.1641878,106.7883166,Rāā Čhā Suki & Barbeque,-6.168249058058877,106.78643448321257,Asian Restaurant
13,GROGOL PETAMBURAN,-6.1641878,106.7883166,Tea Garden,-6.167700522140421,106.78636312652057,Asian Restaurant
14,GROGOL PETAMBURAN,-6.1641878,106.7883166,Mie Ahok (Dempo palembang),-6.164222,106.790695,Noodle House
15,GROGOL PETAMBURAN,-6.1641878,106.7883166,Hotel 88,-6.16601602517947,106.79093128067676,Hotel
16,GROGOL PETAMBURAN,-6.1641878,106.7883166,KFC,-6.16379053579197,106.78648383277057,Fast Food Restaurant
17,GROGOL PETAMBURAN,-6.1641878,106.7883166,Feodora Hotel,-6.165914467789385,106.78991468691974,Hotel
18,GROGOL PETAMBURAN,-6.1641878,106.7883166,Stasiun Grogol,-6.16213051154493,106.78935011106918,Train Station
19,GROGOL PETAMBURAN,-6.1641878,106.7883166,Burket,-6.161827111436931,106.79171883850461,Snack Place
20,GROGOL PETAMBURAN,-6.1641878,106.7883166,QQ Kopitiam,-6.167588134589359,106.78644350906166,Asian Restaurant
21,GROGOL PETAMBURAN,-6.1641878,106.7883166,Gramedia,-6.168193360878381,106.78648898292506,Bookstore
22,GROGOL PETAMBURAN,-6.1641878,106.7883166,Burger King,-6.168517772471848,106.78722363400212,Fast Food Restaurant
23,GROGOL PETAMBURAN,-6.1641878,106.7883166,Hotel Ciputra Jakarta,-6.167911425956755,106.78699707447137,Hotel
24,GROGOL PETAMBURAN,-6.1641878,106.7883166,The Coffee Bean & Tea Leaf,-6.166233316363587,106.78545900698283,Coffee Shop
25,GROGOL PETAMBURAN,-6.1641878,106.7883166,Es Shanghai,-6.161030834287639,106.78710933124002,Chinese Restaurant
26,GROGOL PETAMBURAN,-6.1641878,106.7883166,Pizza Hut,-6.167680981441795,106.78738832473755,Pizza Place
27,GROGOL PETAMBURAN,-6.1641878,106.7883166,Playground FSRD Trisakti,-6.167638342790923,106.78971299685035,Playground
28,GROGOL PETAMBURAN,-6.1641878,106.7883166,V-Posture Fitness & Spa Hotel Ciputra,-6.168071598502789,106.78688779034053,Gym
29,GROGOL PETAMBURAN,-6.1641878,106.7883166,Starbucks,-6.1684139962649205,106.78709288475147,Coffee Shop
30,GROGOL PETAMBURAN,-6.1641878,106.7883166,Ayam Goreng Tiga Rasa,-6.164275322587215,106.79229721745021,Fried Chicken Joint
31,GROGOL PETAMBURAN,-6.1641878,106.7883166,Imperial Kitchen,-6.16845571969376,106.78711021278002,Chinese Restaurant
32,GROGOL PETAMBURAN,-6.1641878,106.7883166,D'Cost Seafood,-6.168142415389304,106.78642875114146,Seafood Restaurant
33,GROGOL PETAMBURAN,-6.1641878,106.7883166,Sushi Kiosk,-6.167783790342993,106.78635703642225,Sushi Restaurant
34,GROGOL PETAMBURAN,-6.1641878,106.7883166,PHX Foodcourt,-6.166030043306634,106.79199790087024,Food Court
35,GROGOL PETAMBURAN,-6.1641878,106.7883166,Pizza Hut,-6.167778958042726,106.78636444743395,Pizza Place
36,GROGOL PETAMBURAN,-6.1641878,106.7883166,Rumah Sakit Royal Taruma,-6.166251896001862,106.78549492843196,Hospital
37,GROGOL PETAMBURAN,-6.1641878,106.7883166,Waroenk Kito,-6.165598008478288,106.79135158681608,Asian Restaurant
38,GROGOL PETAMBURAN,-6.1641878,106.7883166,Depot Surabaya,-6.1643006133049845,106.79198781486694,Indonesian Restaurant
39,GROGOL PETAMBURAN,-6.1641878,106.7883166,J.Co Donuts & Coffee,-6.168458675243918,106.78722427550645,Donut Shop
40,GROGOL PETAMBURAN,-6.1641878,106.7883166,Skydining Grogol,-6.168295369773191,106.78873045087529,Plaza
41,KALI DERES,-6.1343,106.7058,Ayam Cendrawasih Citra Garden 2 (NEW),-6.138322943438788,106.70495268847893,Fried Chicken Joint
42,KALI DERES,-6.1343,106.7058,Pempek Palembang 21,-6.137413693889338,106.70274565571746,Indonesian Restaurant
43,KALI DERES,-6.1343,106.7058,Soto Mie Khas Bogor,-6.132294913089237,106.70974817967685,Noodle House
44,KALI DERES,-6.1343,106.7058,Bakmi Karet Mangga Besar,-6.13159595941214,106.70866246256556,Noodle House
45,KALI DERES,-6.1343,106.7058,Pujasera,-6.130676731054951,106.70382429587744,Food Court
46,KALI DERES,-6.1343,106.7058,Indomaret,-6.137229070901434,106.70624833590733,Convenience Store
47,KALI DERES,-6.1343,106.7058,Lotteria,-6.131090376451899,106.7039967934933,Fast Food Restaurant
48,KALI DERES,-6.1343,106.7058,Lotte Mart,-6.131510132893325,106.70391041763642,Supermarket
49,KEBON JERUK,-6.19257205,106.76972549999999,Museum Of Modern And Contemporary Art In Nusantara (Museum Macan),-6.191081179699565,106.76790295250308,Art Museum
50,KEBON JERUK,-6.19257205,106.76972549999999,Bale Dahar : Masakan Indonesia,-6.193782351971153,106.76893710910173,Asian Restaurant
51,KEBON JERUK,-6.19257205,106.76972549999999,Kedungsari,-6.19037915985533,106.76679136635825,Juice Bar
52,KEBON JERUK,-6.19257205,106.76972549999999,Kebun Jeruk Baru blok A,-6.19295788458038,106.77281217643208,Park
53,KEBON JERUK,-6.19257205,106.76972549999999,Tuttonero,-6.194803470057611,106.76902434643247,Café
54,KEBON JERUK,-6.19257205,106.76972549999999,Bale Dahar,-6.193889774036539,106.76895655472596,Asian Restaurant
55,KEBON JERUK,-6.19257205,106.76972549999999,Starbucks,-6.190782721060012,106.76776527926985,Coffee Shop
56,KEBON JERUK,-6.19257205,106.76972549999999,Yamaha Relasi Music and School,-6.19660955409279,106.76910432595324,Music School
57,KEBON JERUK,-6.19257205,106.76972549999999,Mie Ayam Aseng,-6.190627623606798,106.77225593072482,Noodle House
58,KEBON JERUK,-6.19257205,106.76972549999999,Paletas Wey,-6.194763,106.76917,Ice Cream Shop
59,KEBON JERUK,-6.19257205,106.76972549999999,Jl.Panjang Kb.Jeruk,-6.194389980207761,106.7689264250713,Arcade
60,KEBON JERUK,-6.19257205,106.76972549999999,Bakmi Aseng,-6.190624677302582,106.77218643707954,Noodle House
61,KEBON JERUK,-6.19257205,106.76972549999999,Studio Penta SCTV,-6.196367207588158,106.77180515343615,Concert Hall
62,KEBON JERUK,-6.19257205,106.76972549999999,PT. Trans Eurokars (Authorized BMW Dealer),-6.192017519056241,106.76872940917153,Auto Dealership
63,KEBON JERUK,-6.19257205,106.76972549999999,RM Padang Sinar Jaya,-6.190229129770589,106.76661664571039,Indonesian Restaurant
64,KEBON JERUK,-6.19257205,106.76972549999999,Circle K,-6.188799397380621,106.77171432027508,Convenience Store
65,KEBON JERUK,-6.19257205,106.76972549999999,Balé Dahar,-6.192080024710004,106.76884002391665,Indonesian Restaurant
66,KEBON JERUK,-6.19257205,106.76972549999999,Bakmi joss,-6.189539026655016,106.77042613740667,Noodle House
67,KEBON JERUK,-6.19257205,106.76972549999999,Studio 8,-6.191987232292015,106.76544872275697,Concert Hall
68,KEBON JERUK,-6.19257205,106.76972549999999,Podjok rcti,-6.190706219011118,106.76733664918068,Food Court
69,KEBON JERUK,-6.19257205,106.76972549999999,Mandoya Minipao,-6.1893748339938375,106.77059685396767,Bakery
70,KEBON JERUK,-6.19257205,106.76972549999999,Starmart,-6.189024687286995,106.76784038543701,Convenience Store
71,KEBON JERUK,-6.19257205,106.76972549999999,Kantin Komp RCTI,-6.191988710833223,106.76560816073429,Cafeteria
72,KEMBANGAN,-6.193,106.7426,Bersih Sehat,-6.190895175802438,106.74486982715884,Massage Studio
73,KEMBANGAN,-6.193,106.7426,Chatime,-6.190535477937987,106.74328004586452,Bubble Tea Shop
74,KEMBANGAN,-6.193,106.7426,Midori,-6.1908908982150255,106.74481130715625,Japanese Restaurant
75,KEMBANGAN,-6.193,106.7426,Pizza Hut,-6.191699626513188,106.74399244226016,Pizza Place
76,KEMBANGAN,-6.193,106.7426,Kwetiaw Sapi 'Kelapa Gading®,-6.192701524373361,106.74270259784224,Asian Restaurant
77,KEMBANGAN,-6.193,106.7426,Taman Meruya Ilir,-6.195406791538562,106.74066351498378,Park
78,KEMBANGAN,-6.193,106.7426,Bubur Ayam Monas Ny.Cirebon,-6.194581911603269,106.74407073457263,Asian Restaurant
79,KEMBANGAN,-6.193,106.7426,Indomaret,-6.195098355626853,106.73987448590918,Convenience Store
80,KEMBANGAN,-6.193,106.7426,Mie Ayam Akong,-6.195103154310537,106.73885690298079,Noodle House
81,KEMBANGAN,-6.193,106.7426,D'Cost Seafood,-6.1910515870844876,106.73981184879176,Seafood Restaurant
82,KEMBANGAN,-6.193,106.7426,Nasi Uduk dan Seafood Pak Saroni,-6.195065262355165,106.73892987498972,Seafood Restaurant
83,KEMBANGAN,-6.193,106.7426,Nasi Uduk Saroni Meruya,-6.195030248214419,106.73884963540888,Asian Restaurant
84,KEMBANGAN,-6.193,106.7426,ATRIA Furniture PURI Kembangan,-6.1903183582754115,106.74005302508915,Furniture / Home Store
85,KEMBANGAN,-6.193,106.7426,Electronic City,-6.1903949669319305,106.74005878441993,Electronics Store
86,PALMERAH,-6.1910017,106.79436329999999,Mie ayam & Bakso Pak Kardi,-6.188805152245417,106.79490104734991,Noodle House
87,PALMERAH,-6.1910017,106.79436329999999,Starbucks,-6.193131607968229,106.7973542170771,Coffee Shop
88,PALMERAH,-6.1910017,106.79436329999999,CGV Cinemas,-6.188961638091522,106.79640830034454,Multiplex
89,PALMERAH,-6.1910017,106.79436329999999,Bakmi DKI slipi,-6.189797170219653,106.79597917092046,Asian Restaurant
90,PALMERAH,-6.1910017,106.79436329999999,Menara Peninsula Hotel Jakarta,-6.189739567982715,106.79769986591604,Hotel
91,PALMERAH,-6.1910017,106.79436329999999,Indomaret,-6.190748845903343,106.79561445933345,Convenience Store
92,PALMERAH,-6.1910017,106.79436329999999,KFC,-6.190263926943128,106.79509023033883,Fast Food Restaurant
93,PALMERAH,-6.1910017,106.79436329999999,Bakmi DKI,-6.192279349903034,106.7942676260951,Noodle House
94,PALMERAH,-6.1910017,106.79436329999999,healthy club Menara Peninsula 5th floor,-6.189846395470066,106.7978323647787,Gym
95,PALMERAH,-6.1910017,106.79436329999999,Pizza Hut,-6.187639642757864,106.79594282317346,Pizza Place
96,PALMERAH,-6.1910017,106.79436329999999,Erha Clinic,-6.189942417178904,106.79094912502383,Medical Center
97,PALMERAH,-6.1910017,106.79436329999999,Pizza Hut,-6.188948702418078,106.79694367506875,Pizza Place
98,PALMERAH,-6.1910017,106.79436329999999,Wake Cup,-6.190518399080594,106.7975896331337,Coffee Shop
99,PALMERAH,-6.1910017,106.79436329999999,Alfamart Angrek Rosliana,-6.194262193749536,106.79174901936956,Gourmet Shop
100,PALMERAH,-6.1910017,106.79436329999999,Koljem WSA,-6.189024687286995,106.79702281951904,Fast Food Restaurant
101,PALMERAH,-6.1910017,106.79436329999999,Hokben Central Park,-6.19014105746982,106.79004962943559,Fast Food Restaurant
102,TAMAN SARI,-6.14614235,106.818499,Sun City Restaurant and Luxury Club,-6.145805948117324,106.81692453866737,Dim Sum Restaurant
103,TAMAN SARI,-6.14614235,106.818499,Bubur Ayam Mangga Besar 1,-6.147397003699553,106.81840423457533,Chinese Restaurant
104,TAMAN SARI,-6.14614235,106.818499,Nasi Gemuk Jambi,-6.147732,106.818383,Asian Restaurant
105,TAMAN SARI,-6.14614235,106.818499,Proquillid,-6.146613762527085,106.81676387786865,Hardware Store
106,TAMAN SARI,-6.14614235,106.818499,Suncity Karaoke Luxury Club,-6.1459180839453085,106.81723564965262,Karaoke Bar
107,TAMAN SARI,-6.14614235,106.818499,Bubur Aguan,-6.148602754346078,106.81853394162988,Soup Place
108,TAMAN SARI,-6.14614235,106.818499,SONG FA bak kut teh 肉骨苶,-6.147667308842061,106.816358065016,Asian Restaurant
109,TAMAN SARI,-6.14614235,106.818499,Kam Seng 金城,-6.14824396744688,106.81854211194454,Chinese Restaurant
110,TAMAN SARI,-6.14614235,106.818499,"Nasi Uduk - Ayam Goreng ""Jl. Buni""",-6.145021243525233,106.81891219958413,Asian Restaurant
111,TAMAN SARI,-6.14614235,106.818499,Imperial Chef,-6.147684462787572,106.81648921659192,Chinese Restaurant
112,TAMAN SARI,-6.14614235,106.818499,Ta Chia,-6.146923679377256,106.81772261877835,Chinese Restaurant
113,TAMAN SARI,-6.14614235,106.818499,Hay Thien,-6.147954850138737,106.81849006219618,Chinese Restaurant
114,TAMAN SARI,-6.14614235,106.818499,The Packer Lodge,-6.146129590484352,106.81505440015165,Hostel
115,TAMAN SARI,-6.14614235,106.818499,Lac Mei Che 辣妹子,-6.14629671959832,106.81825166499044,Chinese Restaurant
116,TAMAN SARI,-6.14614235,106.818499,Hotel Santika Premiere Hayam Wuruk Jakarta,-6.149321315548054,106.81730194168522,Hotel
117,TAMAN SARI,-6.14614235,106.818499,Sinar Lestari,-6.148956155279519,106.816760708017,Chinese Restaurant
118,TAMAN SARI,-6.14614235,106.818499,Novotel Jakarta Gajah Mada,-6.147225343314371,106.81540060615157,Hotel
119,TAMAN SARI,-6.14614235,106.818499,Bakso Akiaw 99,-6.14981266381681,106.81761118048166,Noodle House
120,TAMAN SARI,-6.14614235,106.818499,Top Yammie,-6.14684068667808,106.81786518891325,Noodle House
121,TAMAN SARI,-6.14614235,106.818499,New Hometown Restaurant,-6.146951056172426,106.81784576435815,Chinese Restaurant
122,TAMAN SARI,-6.14614235,106.818499,The Square,-6.147359742959548,106.81579610463814,Restaurant
123,TAMAN SARI,-6.14614235,106.818499,Diamond club and karaoke,-6.146504057740225,106.81551302199634,Karaoke Bar
124,TAMAN SARI,-6.14614235,106.818499,Little Sheep Chinese Shabu Shabu,-6.14779088928196,106.81455058395606,Chinese Restaurant
125,TAMAN SARI,-6.14614235,106.818499,Token Restaurant Green Central,-6.147465688140946,106.81532199983205,Restaurant
126,TAMAN SARI,-6.14614235,106.818499,Kuetiaw Sapi Aciap,-6.149416219446371,106.82016484729046,Asian Restaurant
127,TAMAN SARI,-6.14614235,106.818499,Henis,-6.149795335862209,106.81786005826292,Bakery
128,TAMAN SARI,-6.14614235,106.818499,Kopi Oey,-6.147480991268182,106.81547224122717,Coffee Shop
129,TAMAN SARI,-6.14614235,106.818499,Starbucks,-6.147472,106.8154,Coffee Shop
130,TAMAN SARI,-6.14614235,106.818499,Bakmi Cong Sim Athek Medan,-6.149787556689957,106.81809747918975,Noodle House
131,TAMAN SARI,-6.14614235,106.818499,Beer Market,-6.1494773319903375,106.8197706440441,Bar
132,TAMAN SARI,-6.14614235,106.818499,Bak Kut Teh Djiba,-6.148298479050806,106.81846204566348,Chinese Restaurant
133,TAMAN SARI,-6.14614235,106.818499,Warteg Gang Mangga,-6.146272056179781,106.81473965696985,Indonesian Restaurant
134,TAMAN SARI,-6.14614235,106.818499,R.M. Medan Pasar Rame,-6.149796909478665,106.81812796444805,Chinese Restaurant
135,TAMAN SARI,-6.14614235,106.818499,Sydney 2000 Diskotik,-6.145430479998933,106.81736297483585,Nightclub
136,TAMAN SARI,-6.14614235,106.818499,Bakmi Khek,-6.147138593964354,106.81824523827618,Noodle House
137,TAMAN SARI,-6.14614235,106.818499,Mercure Jakarta Kota,-6.149029665450308,106.81733326256563,Hotel
138,TAMAN SARI,-6.14614235,106.818499,Joni Steak,-6.1466275470546545,106.81609013636216,Steakhouse
139,TAMAN SARI,-6.14614235,106.818499,Maxim - Fruit Market,-6.147271092534963,106.81591631157208,Farmers Market
140,TAMAN SARI,-6.14614235,106.818499,Geylang Lor 9 Singapore Mangga Besar,-6.148480970700422,106.81850746431085,Asian Restaurant
141,TAMAN SARI,-6.14614235,106.818499,Anna Salon & Spa,-6.149165655837899,106.82029896844239,Salon / Barbershop
142,TAMAN SARI,-6.14614235,106.818499,Lindeteves Trade Center (LTC),-6.14589777199777,106.81705896178688,Shopping Mall
143,TAMAN SARI,-6.14614235,106.818499,Golden Crown Jakarta,-6.142048199436637,106.81676387786865,Nightclub
144,TAMAN SARI,-6.14614235,106.818499,Lesehan Gudeg Jogja Malioboro,-6.1480279397996505,106.8163599309386,Food Truck
145,TAMAN SARI,-6.14614235,106.818499,Warung Nasi Tim BARU,-6.149430675509307,106.82129194242995,Chinese Restaurant
146,TAMAN SARI,-6.14614235,106.818499,Lac Mei Che Huo Kuo,-6.146208598842412,106.81814908237183,Chinese Restaurant
147,TAMAN SARI,-6.14614235,106.818499,Bakmi Ahau 38,-6.149370513060492,106.82114426180893,Noodle House
148,TAMAN SARI,-6.14614235,106.818499,Kwetiau Akang,-6.150005,106.81773,Noodle House
149,TAMAN SARI,-6.14614235,106.818499,Club 36,-6.147144765873809,106.81682006351504,Karaoke Bar
150,TAMAN SARI,-6.14614235,106.818499,Indomaret,-6.147231792664284,106.81749490913482,Convenience Store
151,TAMAN SARI,-6.14614235,106.818499,KFC,-6.145438067173727,106.81720684306187,Fast Food Restaurant
152,TAMAN SARI,-6.14614235,106.818499,Kwetiauw Akang Medan,-6.149799511895065,106.817666436982,Asian Restaurant
153,TAMAN SARI,-6.14614235,106.818499,favehotel LTC Glodok,-6.1463647,106.81684,Hotel
154,TAMAN SARI,-6.14614235,106.818499,KFC,-6.144962725087044,106.81781754357334,Fast Food Restaurant
155,TAMAN SARI,-6.14614235,106.818499,Circle K,-6.146624337833711,106.81733359208863,Convenience Store
156,TAMAN SARI,-6.14614235,106.818499,Suncity VIP Restaurant,-6.145709361301929,106.81706524765549,Asian Restaurant
157,TAMAN SARI,-6.14614235,106.818499,Bakmie Gang Mangga (Doyok),-6.1460794793787485,106.8145039935721,Noodle House
158,TAMAN SARI,-6.14614235,106.818499,Nasi Ayam Hainam APOLLO,-6.144212309966612,106.81526799852301,Chinese Restaurant
159,TAMAN SARI,-6.14614235,106.818499,Rumah Makan Aseng,-6.14978471992527,106.81810561044048,Chinese Restaurant
160,TAMAN SARI,-6.14614235,106.818499,Fairy Garden Hotpot & Chinese Restaurant,-6.149518942253063,106.81960321483507,Chinese Restaurant
161,TAMAN SARI,-6.14614235,106.818499,Sop Buntut Mangga Besar,-6.1479342741727265,106.818496087261,Soup Place
162,TAMAN SARI,-6.14614235,106.818499,RM. Ayam Goreng Seleraku,-6.14953317775811,106.81939444503769,Asian Restaurant
163,TAMAN SARI,-6.14614235,106.818499,Harco Glodok,-6.143520277795078,106.8155300617218,Electronics Store
164,TAMAN SARI,-6.14614235,106.818499,Amaris Hotel Mangga Besar - Jakarta,-6.149385131839535,106.81968998469289,Hotel
165,TAMAN SARI,-6.14614235,106.818499,Orenchi Ramen,-6.14977929105348,106.8182682483408,Ramen Restaurant
166,TAMAN SARI,-6.14614235,106.818499,Bakmi B2 Hoya,-6.149283257966335,106.82103650581509,Noodle House
167,TAMAN SARI,-6.14614235,106.818499,Kwetiau Sapi Akhiang 79 - Gajah Mada,-6.145387,106.8154,Asian Restaurant
168,TAMAN SARI,-6.14614235,106.818499,Sichuan Palace,-6.149219534851861,106.81611073227076,Chinese Restaurant
169,TAMAN SARI,-6.14614235,106.818499,Lawson,-6.149777127340064,106.81818186591295,Convenience Store
170,TAMAN SARI,-6.14614235,106.818499,Gowagyu steak,-6.1498062424147,106.81859720363849,Steakhouse
171,TAMAN SARI,-6.14614235,106.818499,Bakso Rusuk Total Solo,-6.149621892499929,106.81753635406494,Indonesian Restaurant
172,TAMAN SARI,-6.14614235,106.818499,Imperial Chef,-6.147801836249673,106.8162671822185,Chinese Restaurant
173,TAMAN SARI,-6.14614235,106.818499,Everyday Smart Hotel Mangga Besar,-6.149764229795527,106.81976652877997,Bed & Breakfast
174,TAMAN SARI,-6.14614235,106.818499,"Kwetiau ""Akhiang"" Gajah Mada",-6.146208005968767,106.81701671965529,Chinese Restaurant
175,TAMAN SARI,-6.14614235,106.818499,Super Suikiaw,-6.149677894758306,106.81786090135574,Chinese Restaurant
176,TAMAN SARI,-6.14614235,106.818499,Kuo Tie Shantung 77,-6.147734715958747,106.81619285341237,Dumpling Restaurant
177,TAMAN SARI,-6.14614235,106.818499,KFC,-6.143001806858668,106.81637721482767,Fast Food Restaurant
178,TAMBORA,-6.1466142,106.8010456,Jalan Jembatan lima,-6.147105291523855,106.80386978716746,Department Store
179,TAMBORA,-6.1466142,106.8010456,Krendang Raya,-6.149521774464609,106.80338586564363,Food Truck
180,TAMBORA,-6.1466142,106.8010456,Stasiun Angke,-6.14472224224345,106.80077399434124,Train Station
181,TAMBORA,-6.1466142,106.8010456,KFC,-6.146926921552578,106.80411174830256,Fast Food Restaurant
182,TAMBORA,-6.1466142,106.8010456,indomaret,-6.149853584028641,106.80404261651981,Convenience Store
183,TAMBORA,-6.1466142,106.8010456,Warung kopi doa sodara,-6.145134803296824,106.80188225901928,Café
184,TAMBORA,-6.1466142,106.8010456,Angke,-6.142782931106727,106.80183617161876,Garden
185,TAMBORA,-6.1466142,106.8010456,Lapak Eboy,-6.148704329348013,106.80289042326957,Farmers Market
186,TAMBORA,-6.1466142,106.8010456,Trattoria Cucina Italiana,-6.146542129202768,106.79654770518863,Italian Restaurant
187,CEMPAKA PUTIH,-6.181214499999999,106.8685477,Mie Aceh Bungong Cempaka,-6.180463761465719,106.87109886199781,Acehnese Restaurant
188,CEMPAKA PUTIH,-6.181214499999999,106.8685477,Arcici Swiming Pool™,-6.184377394723103,106.8678125077852,Pool
189,CEMPAKA PUTIH,-6.181214499999999,106.8685477,Pizza Hut,-6.181644322790472,106.87207275812955,Pizza Place
190,CEMPAKA PUTIH,-6.181214499999999,106.8685477,Bebek Bentu,-6.181104875988823,106.86764411480324,BBQ Joint
191,CEMPAKA PUTIH,-6.181214499999999,106.8685477,Pizza Hut,-6.179066927893316,106.86618910576647,Pizza Place
192,CEMPAKA PUTIH,-6.181214499999999,106.8685477,Bakso Ciat Solo,-6.184014174878079,106.86670005357307,Indonesian Meatball Place
193,CEMPAKA PUTIH,-6.181214499999999,106.8685477,KFC,-6.179552603859518,106.87158292819464,Fast Food Restaurant
194,GAMBIR,-6.1703,106.8148,RM. Adem Ayem,-6.168777889191461,106.81446968875316,Indonesian Restaurant
195,GAMBIR,-6.1703,106.8148,Roemah Noni,-6.172589728676554,106.81509684284843,Indonesian Restaurant
196,GAMBIR,-6.1703,106.8148,Wita Tour Head Office,-6.1705047683645216,106.81411030765284,Office
197,GAMBIR,-6.1703,106.8148,"Toko Binatu ""AN""",-6.168417218093751,106.81430136794748,Indonesian Restaurant
198,GAMBIR,-6.1703,106.8148,Kopi Kebut Nitro Bar,-6.173219121248765,106.81175351142882,Coffee Shop
199,GAMBIR,-6.1703,106.8148,favehotel Tanah Abang - Cideng,-6.1735858730151705,106.81180240839795,Hotel
200,GAMBIR,-6.1703,106.8148,Soto Mie dan Bakso Sarodja,-6.169087412864743,106.81538627399296,Food Truck
201,GAMBIR,-6.1703,106.8148,Soto Tangkar Depan Dunkin,-6.168987154119106,106.8154035578074,Food Truck
202,GAMBIR,-6.1703,106.8148,Dandy Bakery & Cafe,-6.169824990762937,106.81620597839355,Bakery
203,GAMBIR,-6.1703,106.8148,Petrof Piano,-6.172732561563085,106.81171261680026,Music Venue
204,GAMBIR,-6.1703,106.8148,Depot Es & Masakan Indonesia Nini Thowong,-6.17446347009978,106.8134062191144,Ice Cream Shop
205,GAMBIR,-6.1703,106.8148,Burger King,-6.172196,106.811417,Fast Food Restaurant
206,GAMBIR,-6.1703,106.8148,Merlynn Park Hotel,-6.165899350122955,106.81554172168626,Hotel
207,GAMBIR,-6.1703,106.8148,Lynt Hotel,-6.169045807927305,106.81086372143277,Hotel
208,GAMBIR,-6.1703,106.8148,Citi M Hotel,-6.170565617174976,106.81890223925869,Hotel
209,JOHAR BARU,-6.18312505,106.85533229999999,Pasar Johar Baru,-6.185262918071185,106.85597359188658,Arcade
210,JOHAR BARU,-6.18312505,106.85533229999999,Indomaret,-6.1846163083493195,106.8588592440105,Convenience Store
211,JOHAR BARU,-6.18312505,106.85533229999999,Soto Ayam Madura Percetakan Negara,-6.179702434852403,106.85538455710571,Food Truck
212,JOHAR BARU,-6.18312505,106.85533229999999,Ayam Penyet,-6.185216,106.856021,Indonesian Restaurant
213,KEMAYORAN,-6.1625464999999995,106.85689029999999,Mie Ayam & Es Alpuket Sukawati,-6.163151712529362,106.8612079332952,Noodle House
214,KEMAYORAN,-6.1625464999999995,106.85689029999999,Best Western Plus Kemayoran Hotel,-6.160836015950783,106.85291609476754,Hotel
215,KEMAYORAN,-6.1625464999999995,106.85689029999999,"Jl. Bendungan Jago, Kemayoran Jakarta - Pusat",-6.1615320812195,106.85668619794292,Arcade
216,KEMAYORAN,-6.1625464999999995,106.85689029999999,Sop Duren 88,-6.162212003828702,106.85249190634954,Ice Cream Shop
217,MENTENG,-6.1950265,106.83222420000001,Sate Khas Senayan,-6.1963467871745985,106.82862643952744,Indonesian Restaurant
218,MENTENG,-6.1950265,106.83222420000001,Soto Mie Udin,-6.1953720438750635,106.83542841046113,Soup Place
219,MENTENG,-6.1950265,106.83222420000001,Soto Mie Suwiryo,-6.194487494779655,106.83024545750098,Restaurant
220,MENTENG,-6.1950265,106.83222420000001,Tamnak Thai,-6.19670825754972,106.82861430606637,Thai Restaurant
221,MENTENG,-6.1950265,106.83222420000001,Dapur Cokelat,-6.193931871004015,106.82874831012597,Dessert Shop
222,MENTENG,-6.1950265,106.83222420000001,iBox Apple Store,-6.195284777138227,106.82955860832436,Electronics Store
223,MENTENG,-6.1950265,106.83222420000001,BANANANINA,-6.196702185653475,106.82859984844822,Accessories Store
224,MENTENG,-6.1950265,106.83222420000001,Lara Djonggrang,-6.19423145175917,106.83619035997715,Indonesian Restaurant
225,MENTENG,-6.1950265,106.83222420000001,Taman Situ Lembang,-6.197723074334682,106.83469834784943,Lake
226,MENTENG,-6.1950265,106.83222420000001,Menteng Central,-6.196677975129406,106.82861426700168,Miscellaneous Shop
227,MENTENG,-6.1950265,106.83222420000001,Bubur ayam jl tanjung menteng,-6.191906544465369,106.8305917413024,Indonesian Restaurant
228,MENTENG,-6.1950265,106.83222420000001,Spring Reflexology,-6.196622203053266,106.82851483969569,Massage Studio
229,MENTENG,-6.1950265,106.83222420000001,Cikang Resto,-6.195093025352637,106.83671823694158,Asian Restaurant
230,MENTENG,-6.1950265,106.83222420000001,Taman Menteng,-6.1961303287835925,106.82961628317571,Park
231,MENTENG,-6.1950265,106.83222420000001,Shisha Cafe,-6.196877048450225,106.82869201904275,Hookah Bar
232,MENTENG,-6.1950265,106.83222420000001,Do An Vietnamese Experience,-6.196598583799238,106.82848764452501,Vietnamese Restaurant
233,MENTENG,-6.1950265,106.83222420000001,Menteng foodcourt,-6.197120203596375,106.82877272297304,Food Court
234,MENTENG,-6.1950265,106.83222420000001,Pusat Jajanan Menteng,-6.196368262373154,106.82856268607156,Food Truck
235,MENTENG,-6.1950265,106.83222420000001,Brownbag Deli & Restaurant,-6.196708808379247,106.82863058087112,Deli / Bodega
236,MENTENG,-6.1950265,106.83222420000001,Ya Kun Kaya Toast,-6.196770520771063,106.82870340491309,Breakfast Spot
237,MENTENG,-6.1950265,106.83222420000001,Sumo Sushi,-6.196694856781914,106.8286156608623,Sushi Restaurant
238,MENTENG,-6.1950265,106.83222420000001,Martha Cake Shop,-6.193468026889346,106.83461331917779,Bakery
239,MENTENG,-6.1950265,106.83222420000001,Starbucks,-6.196762865248626,106.8286853884854,Coffee Shop
240,MENTENG,-6.1950265,106.83222420000001,Taman Kodok Menteng,-6.197464200133179,106.82985217276837,Park
241,MENTENG,-6.1950265,106.83222420000001,Starbucks,-6.1967472272518815,106.82868093495284,Coffee Shop
242,MENTENG,-6.1950265,106.83222420000001,Pusat Jajan Makanan Menteng,-6.197034530173513,106.82873514448731,Food Truck
243,MENTENG,-6.1950265,106.83222420000001,Double Bay,-6.196715512872054,106.828689081377,American Restaurant
244,MENTENG,-6.1950265,106.83222420000001,Dim sum Menteng,-6.197035717836558,106.82987633640585,Dim Sum Restaurant
245,MENTENG,-6.1950265,106.83222420000001,Hotel Ibis Budget Jakarta Menteng,-6.196673163492605,106.82892997460908,Hotel
246,SAWAH BESAR,-6.15589135,106.8335798,Rumah Makan Medan Baru,-6.158864682782891,106.83176286696587,Indonesian Restaurant
247,SAWAH BESAR,-6.15589135,106.8335798,Mie Encim Kartini Raya,-6.156716442908071,106.83628769329331,Noodle House
248,SAWAH BESAR,-6.15589135,106.8335798,Hokian Lomie Mikado,-6.159956334206902,106.83202576796631,Chinese Restaurant
249,SAWAH BESAR,-6.15589135,106.8335798,Bakmi Encim,-6.156881740350905,106.83622272138497,Noodle House
250,SAWAH BESAR,-6.15589135,106.8335798,Pop Hotel Pasar Baru,-6.160297625583806,106.83389997525775,Hotel
251,SAWAH BESAR,-6.15589135,106.8335798,MegaKamera.com,-6.153837339543714,106.83612780327029,Camera Store
252,SAWAH BESAR,-6.15589135,106.8335798,Diva Family Karaoke,-6.154638549820857,106.83002037747696,Karaoke Bar
253,SAWAH BESAR,-6.15589135,106.8335798,Soto Sapi Pak Darmun,-6.15357977603139,106.8356635672892,Indonesian Restaurant
254,SAWAH BESAR,-6.15589135,106.8335798,Soto Mie H. Sahadi,-6.157852804687768,106.82957897192651,Asian Restaurant
255,SAWAH BESAR,-6.15589135,106.8335798,KFC,-6.155848230361026,106.83251518338174,Fast Food Restaurant
256,SAWAH BESAR,-6.15589135,106.8335798,Indomaret,-6.155335178831226,106.83100562086317,Convenience Store
257,SAWAH BESAR,-6.15589135,106.8335798,Honda Wahana Gunung Sahari,-6.156926530882015,106.83698055130259,Automotive Shop
258,SAWAH BESAR,-6.15589135,106.8335798,KFC,-6.160064761520119,106.83434165225954,Fast Food Restaurant
259,SAWAH BESAR,-6.15589135,106.8335798,Pasar Ikan Kartini,-6.155488383194333,106.83575904835898,Pet Store
260,SAWAH BESAR,-6.15589135,106.8335798,Indomaret Point,-6.160234329322432,106.83449798793413,Convenience Store
261,SAWAH BESAR,-6.15589135,106.8335798,Kopi Oey,-6.160123276589321,106.8343131557983,Asian Restaurant
262,SAWAH BESAR,-6.15589135,106.8335798,Alphine Hotel,-6.155705467174738,106.83667517494901,Hotel
263,SAWAH BESAR,-6.15589135,106.8335798,Sate Kambing Lautze,-6.154746579646768,106.83004342405684,Food Truck
264,SAWAH BESAR,-6.15589135,106.8335798,Pizza Hut Sarinah,-6.15209068848096,106.8327156909219,Pizza Place
265,SENEN,-6.184971,106.84323540000001,Padma Hotel Bandung,-6.184119472559591,106.84334745392623,Hotel
266,SENEN,-6.184971,106.84323540000001,Museum Sumpah Pemuda,-6.183490443955335,106.84319764239844,History Museum
267,SENEN,-6.184971,106.84323540000001,Rivoli Hotel,-6.183788,106.844618,Hotel
268,SENEN,-6.184971,106.84323540000001,RM Manado Tinoor Permai,-6.187613223185094,106.84453947242504,Indonesian Restaurant
269,SENEN,-6.184971,106.84323540000001,""" Sate Ayam @ Kambing Pak Rahmat "" Jln. Kramat 2 Jakarta Pusat",-6.182726614199418,106.8408411947713,Indonesian Restaurant
270,SENEN,-6.184971,106.84323540000001,Ibis Jakarta Senen,-6.183338836099651,106.84256010394199,Hotel
271,SENEN,-6.184971,106.84323540000001,Kramat Pulo,-6.182337133655251,106.84592307528067,Indonesian Restaurant
272,SENEN,-6.184971,106.84323540000001,Amaris Hotel Senen - Jakarta,-6.183326524996814,106.84342180032576,Hotel
273,SENEN,-6.184971,106.84323540000001,Dunkin',-6.183403475596404,106.84355835284283,Donut Shop
274,SENEN,-6.184971,106.84323540000001,Institut Kesenian Jakarta (IKJ),-6.18806609377405,106.84043154595642,University
275,SENEN,-6.184971,106.84323540000001,Kedai Bakmi Babat Senen,-6.184964926186094,106.84398814311629,Noodle House
276,SENEN,-6.184971,106.84323540000001,Studio K2,-6.182851876796532,106.8398431403207,Dance Studio
277,SENEN,-6.184971,106.84323540000001,Sogo plaza senayan,-6.1853213536937215,106.84072576647958,Clothing Store
278,SENEN,-6.184971,106.84323540000001,Indomaret Pasar Kwitang,-6.18393,106.840784,Grocery Store
279,TANAH ABANG,-6.2052581,106.80949960000001,RM Sate Tegal H. Sadjim,-6.206121614731289,106.80972285091673,Indonesian Restaurant
280,TANAH ABANG,-6.2052581,106.80949960000001,Bebek Goreng H. Slamet,-6.206162914107484,106.80939730843397,Indonesian Restaurant
281,TANAH ABANG,-6.2052581,106.80949960000001,Capital Fruit,-6.202708575799663,106.80636034841844,Fruit & Vegetable Store
282,TANAH ABANG,-6.2052581,106.80949960000001,Mie Aceh Cut Nyak,-6.208547636055095,106.80757412560109,Indonesian Restaurant
283,TANAH ABANG,-6.2052581,106.80949960000001,Bebek BKB,-6.206147115015417,106.8089332210556,Javanese Restaurant
284,TANAH ABANG,-6.2052581,106.80949960000001,Pondok Sate Djono Jogya Pejompongan,-6.204235220409574,106.80540627573843,Indonesian Restaurant
285,TANAH ABANG,-6.2052581,106.80949960000001,Soto Sedaap Boyolali Hj. Widodo,-6.206381244551429,106.80762327514365,Soup Place
286,TANAH ABANG,-6.2052581,106.80949960000001,Mie Ayam Gamat,-6.207689190940011,106.8090423997489,Noodle House
287,TANAH ABANG,-6.2052581,106.80949960000001,Pizza Hut,-6.205278902411813,106.81074993866498,Pizza Place
288,TANAH ABANG,-6.2052581,106.80949960000001,Everfresh Fish Market & Resto,-6.201242736255981,106.80946424146217,Seafood Restaurant
289,TANAH ABANG,-6.2052581,106.80949960000001,Koffie Doeloe,-6.204328,106.805207,Coffee Shop
290,TANAH ABANG,-6.2052581,106.80949960000001,HokBen,-6.2065229413868,106.81001850574056,Japanese Restaurant
291,TANAH ABANG,-6.2052581,106.80949960000001,Sambel Setan Pejompongan,-6.201437760670983,106.80831118708448,Seafood Restaurant
292,TANAH ABANG,-6.2052581,106.80949960000001,Gado-Gado Bu A'am,-6.2063189660164815,106.80755279738871,Vegetarian / Vegan Restaurant
293,TANAH ABANG,-6.2052581,106.80949960000001,Bakmi Jawa Pejompongan,-6.201402770612936,106.81056990268752,Restaurant
294,TANAH ABANG,-6.2052581,106.80949960000001,Bengawan Solo Coffee,-6.202422960157572,106.80640649740573,Coffee Shop
295,TANAH ABANG,-6.2052581,106.80949960000001,Bumen Jaya 2,-6.204711450757248,106.80586233376093,Indonesian Restaurant
296,TANAH ABANG,-6.2052581,106.80949960000001,Bakmi Jawa Pejompongan,-6.201280848740757,106.81008596676631,Arcade
297,CILANDAK,-6.2868976,106.7944211,Total Buah Segar,-6.287626009704267,106.79541365563003,Farmers Market
298,CILANDAK,-6.2868976,106.7944211,Maxima Fitness,-6.287643862518904,106.7954850726026,Gym
299,CILANDAK,-6.2868976,106.7944211,ACE Hardware,-6.283972716374345,106.79600707798454,Hardware Store
300,CILANDAK,-6.2868976,106.7944211,Roti Bakar Wiwied,-6.2893982091159675,106.7953777840059,Sandwich Place
301,CILANDAK,-6.2868976,106.7944211,Mars Kitchen,-6.287162600332879,106.79542435417193,Café
302,CILANDAK,-6.2868976,106.7944211,Ganto Minang - Masakan Padang,-6.287407407357712,106.79189588679735,Padangnese Restaurant
303,CILANDAK,-6.2868976,106.7944211,Domino's Pizza,-6.289279361335207,106.79540873948876,Pizza Place
304,CILANDAK,-6.2868976,106.7944211,TITAN Baking,-6.282844721709495,106.79598300025731,Hobby Shop
305,CILANDAK,-6.2868976,106.7944211,Inten Fatmawati,-6.29014105668913,106.79533359398772,Student Center
306,CILANDAK,-6.2868976,106.7944211,Lifespa Fitness,-6.28385561599099,106.79132849116988,Gym
307,CILANDAK,-6.2868976,106.7944211,Nasi Goreng Metal,-6.286807328682681,106.79042407017924,Food Truck
308,CILANDAK,-6.2868976,106.7944211,Soto Bang Ferry,-6.283161,106.792721,Indonesian Restaurant
309,CILANDAK,-6.2868976,106.7944211,Pempek Pak Raden,-6.289405733164807,106.7953335701775,Indonesian Restaurant
310,CILANDAK,-6.2868976,106.7944211,Circle K,-6.289885797284534,106.79552228711383,Convenience Store
311,CILANDAK,-6.2868976,106.7944211,Hotel Kristal,-6.28382927080872,106.79119599614704,Hotel
312,CILANDAK,-6.2868976,106.7944211,Rossi Musik,-6.283366916067133,106.79553306106905,Music Venue
313,CILANDAK,-6.2868976,106.7944211,Snapy - Fatmawati,-6.287515840800417,106.79544865411803,Bookstore
314,CILANDAK,-6.2868976,106.7944211,Indomaret,-6.28313,106.795911,Convenience Store
315,CILANDAK,-6.2868976,106.7944211,Dunkin',-6.28718312209013,106.79558167785044,Donut Shop
316,CILANDAK,-6.2868976,106.7944211,Mas Wid Nasgor Fatmawati,-6.288197,106.795476,Asian Restaurant
317,CILANDAK,-6.2868976,106.7944211,Mie Ayam Hj. Batong,-6.28549417,106.790711,Noodle House
318,JAGAKARSA,-6.3300082,106.82819099999999,Pusat Jajanan [Perempatan Ubin],-6.330785669448406,106.82911179299768,Food Court
319,JAGAKARSA,-6.3300082,106.82819099999999,Sate Ubin Toni Cirebon,-6.330865913108619,106.82947703446781,Indonesian Restaurant
320,JAGAKARSA,-6.3300082,106.82819099999999,Bakmie Jogja Cah'nem,-6.331903059284671,106.82864334859146,Noodle House
321,JAGAKARSA,-6.3300082,106.82819099999999,Kedai H.Asari,-6.334399823819786,106.8277560624557,Indonesian Restaurant
322,JAGAKARSA,-6.3300082,106.82819099999999,Sate Ubin Toni Cirebon,-6.3310130108406675,106.82929751384215,BBQ Joint
323,JAGAKARSA,-6.3300082,106.82819099999999,KFC,-6.331014089652245,106.82962282434352,Fast Food Restaurant
324,JAGAKARSA,-6.3300082,106.82819099999999,Bebek Asap kedai H.Asari,-6.334423288127325,106.82776758562994,Indonesian Restaurant
325,JAGAKARSA,-6.3300082,106.82819099999999,RM Sate Ubin 'Toni' Cirebon,-6.330902,106.829475,Asian Restaurant
326,JAGAKARSA,-6.3300082,106.82819099999999,Vero Futsal,-6.333722964450298,106.8285776302513,Soccer Stadium
327,JAGAKARSA,-6.3300082,106.82819099999999,Kedai H. Asari,-6.33443696068098,106.82782355534889,Arcade
328,JAGAKARSA,-6.3300082,106.82819099999999,Kedai H. Asari,-6.334453009460183,106.8277374131242,Asian Restaurant
329,JAGAKARSA,-6.3300082,106.82819099999999,Sate Ubin Lenteng Agung,-6.330977,106.829428,Indonesian Restaurant
330,JAGAKARSA,-6.3300082,106.82819099999999,All Fresh Cilandak,-6.3289013385696755,106.83143774650931,Farmers Market
331,KEBAYORAN BARU,-6.2441457,106.80043400000001,Daitokyo Sakaba,-6.2450724248564065,106.8002476365744,Japanese Restaurant
332,KEBAYORAN BARU,-6.2441457,106.80043400000001,居酒屋かしわ Kashiwa,-6.244717815737684,106.79882425455597,Japanese Restaurant
333,KEBAYORAN BARU,-6.2441457,106.80043400000001,海宝丸 Kaihomaru,-6.244454350757488,106.79962152834834,Sushi Restaurant
334,KEBAYORAN BARU,-6.2441457,106.80043400000001,Filosofi Kopi,-6.244444051109475,106.7997535384983,Coffee Shop
335,KEBAYORAN BARU,-6.2441457,106.80043400000001,M Point,-6.244586365984589,106.79828424801497,Lounge
336,KEBAYORAN BARU,-6.2441457,106.80043400000001,Starbucks Coffee Melawai,-6.24542503361008,106.79887124998227,Coffee Shop
337,KEBAYORAN BARU,-6.2441457,106.80043400000001,Miu 美卯,-6.244469720610765,106.79952466111405,Japanese Restaurant
338,KEBAYORAN BARU,-6.2441457,106.80043400000001,Papaya Fresh Gallery,-6.24581958935857,106.7987019282898,Supermarket
339,KEBAYORAN BARU,-6.2441457,106.80043400000001,SATE.KU,-6.246861745517805,106.80061466937028,Restaurant
340,KEBAYORAN BARU,-6.2441457,106.80043400000001,Sushi Kawana,-6.245242047678463,106.79956741580406,Sushi Restaurant
341,KEBAYORAN BARU,-6.2441457,106.80043400000001,Pasar Kue Subuh ( Blok M Square ),-6.245098806377452,106.80081649029997,Cupcake Shop
342,KEBAYORAN BARU,-6.2441457,106.80043400000001,"Ayam Goreng ""Berkah"" Rachmat",-6.2468677,106.80189,Fried Chicken Joint
343,KEBAYORAN BARU,-6.2441457,106.80043400000001,Sabana Nasi Kapau,-6.245857840514489,106.79930670795093,Indonesian Restaurant
344,KEBAYORAN BARU,-6.2441457,106.80043400000001,Oeang,-6.241549,106.799098,Restaurant
345,KEBAYORAN BARU,-6.2441457,106.80043400000001,Hotel GranDhika Iskandarsyah Jakarta,-6.244813326829606,106.80398854077686,Hotel
346,KEBAYORAN BARU,-6.2441457,106.80043400000001,Honoka Japanese Restaurant,-6.244625504465568,106.79822050049373,Sushi Restaurant
347,KEBAYORAN BARU,-6.2441457,106.80043400000001,Sampit Residence managed by FLAT06.,-6.24537962173124,106.79700466352033,Hotel
348,KEBAYORAN BARU,-6.2441457,106.80043400000001,MOS Cafe,-6.2457540728693335,106.79861976608457,Burger Joint
349,KEBAYORAN BARU,-6.2441457,106.80043400000001,Bakmi GM,-6.246239025188299,106.80318084320058,Noodle House
350,KEBAYORAN BARU,-6.2441457,106.80043400000001,Fajar International Restaurant,-6.246391781962396,106.79988078943013,Chinese Restaurant
351,KEBAYORAN BARU,-6.2441457,106.80043400000001,Starbucks,-6.244927,106.797888,Coffee Shop
352,KEBAYORAN BARU,-6.2441457,106.80043400000001,MM Juice,-6.245988612916245,106.7985459877284,Juice Bar
353,KEBAYORAN BARU,-6.2441457,106.80043400000001,Martabak Bang!,-6.247287743873538,106.79786692971224,Food Truck
354,KEBAYORAN BARU,-6.2441457,106.80043400000001,Sarang Oci,-6.243263980263838,106.79641713569977,Manadonese Restaurant
355,KEBAYORAN BARU,-6.2441457,106.80043400000001,Chatime,-6.244002605478182,106.79768067788254,Bubble Tea Shop
356,KEBAYORAN BARU,-6.2441457,106.80043400000001,Honey & Me,-6.247652102022487,106.80220287240348,Coffee Shop
357,KEBAYORAN BARU,-6.2441457,106.80043400000001,Mood Coffee,-6.243137403771868,106.79628252983092,Coffee Shop
358,KEBAYORAN BARU,-6.2441457,106.80043400000001,Gulai Tikungan (Gultik) Blok M,-6.243932775628695,106.79696248236945,Food Truck
359,KEBAYORAN BARU,-6.2441457,106.80043400000001,Optik Melawai,-6.245857851494882,106.79748550295113,Optical Shop
360,KEBAYORAN BARU,-6.2441457,106.80043400000001,"Chung Hae (Sashimi & Sushi) , Korean Japanese Restaurant",-6.24396716739365,106.7960653450323,Korean Restaurant
361,KEBAYORAN BARU,-6.2441457,106.80043400000001,Yoshinoya (吉野家),-6.24271285865809,106.79620842990202,Japanese Restaurant
362,KEBAYORAN BARU,-6.2441457,106.80043400000001,En Okonomi Dining,-6.245836702348853,106.79625096075702,Japanese Restaurant
363,KEBAYORAN BARU,-6.2441457,106.80043400000001,JOIN Coffee Bulungan,-6.242254154666046,106.79637133974363,Coffee Shop
364,KEBAYORAN LAMA,-6.243886,106.7798594,Basilico,-6.243103539066353,106.78304907590346,Italian Restaurant
365,KEBAYORAN LAMA,-6.243886,106.7798594,Sheraton Grand Jakarta Gandaria City Hotel,-6.245242,106.783035,Hotel
366,KEBAYORAN LAMA,-6.243886,106.7798594,BreadTalk,-6.244315907853528,106.7832899093628,Bakery
367,KEBAYORAN LAMA,-6.243886,106.7798594,Gandaria XXI - IMAX,-6.2437513286030395,106.78346423965782,Movie Theater
368,KEBAYORAN LAMA,-6.243886,106.7798594,UNIQLO (ユニクロ) (UNIQLO),-6.244284674297988,106.78353514993667,Clothing Store
369,KEBAYORAN LAMA,-6.243886,106.7798594,The People's Cafe,-6.243044437169874,106.78345919906884,Café
370,KEBAYORAN LAMA,-6.243886,106.7798594,North Pole Café,-6.2446132407492225,106.7832264588386,Ice Cream Shop
371,KEBAYORAN LAMA,-6.243886,106.7798594,Kintan Buffet,-6.243179079719997,106.78360141414282,BBQ Joint
372,KEBAYORAN LAMA,-6.243886,106.7798594,Wong Hang Tailor,-6.246404799777837,106.78152732423271,Tailor Shop
373,KEBAYORAN LAMA,-6.243886,106.7798594,Di Bawah Tangga,-6.243086967958947,106.78335991889372,Coffee Shop
374,KEBAYORAN LAMA,-6.243886,106.7798594,Gandaria City,-6.244326852716737,106.78360934656291,Shopping Mall
375,KEBAYORAN LAMA,-6.243886,106.7798594,Shaburi,-6.243725431251973,106.78405607256778,Shabu-Shabu Restaurant
376,KEBAYORAN LAMA,-6.243886,106.7798594,Shirokuma,-6.243356667894884,106.78311461991701,Dessert Shop
377,KEBAYORAN LAMA,-6.243886,106.7798594,Celebrity Fitness,-6.244987362366483,106.78282376570617,Gym / Fitness Center
378,KEBAYORAN LAMA,-6.243886,106.7798594,"Tony Roma's Ribs, Seafood, & Steaks",-6.2433837,106.7833164,Steakhouse
379,KEBAYORAN LAMA,-6.243886,106.7798594,Sour Sally,-6.2445917,106.783615,Frozen Yogurt Shop
380,KEBAYORAN LAMA,-6.243886,106.7798594,Sate Khas Senayan,-6.243381229906805,106.78378034123975,Satay Restaurant
381,KEBAYORAN LAMA,-6.243886,106.7798594,Eric Kayser Artisan Boulanger,-6.2446294144163,106.78324440978038,Bakery
382,KEBAYORAN LAMA,-6.243886,106.7798594,Liberica Coffee,-6.2452543477396905,106.78387130583798,Coffee Shop
383,KEBAYORAN LAMA,-6.243886,106.7798594,Smørrebrød,-6.243924824407302,106.78323936846546,Sandwich Place
384,KEBAYORAN LAMA,-6.243886,106.7798594,Sushi Tei,-6.245414586319159,106.78378008073854,Sushi Restaurant
385,KEBAYORAN LAMA,-6.243886,106.7798594,Gandaria XXI,-6.2437682393882215,106.78348293659197,Multiplex
386,KEBAYORAN LAMA,-6.243886,106.7798594,MIYAGI,-6.243930250531507,106.78415972129622,Japanese Restaurant
387,KEBAYORAN LAMA,-6.243886,106.7798594,Ta Wan,-6.243706102315888,106.7832449979949,Chinese Restaurant
388,KEBAYORAN LAMA,-6.243886,106.7798594,Anigrè,-6.245472240443027,106.78293946492926,Buffet
389,KEBAYORAN LAMA,-6.243886,106.7798594,Marugame Udon,-6.244747890128676,106.78396418153194,Udon Restaurant
390,KEBAYORAN LAMA,-6.243886,106.7798594,Dunkin',-6.246771241503737,106.78143839583561,Donut Shop
391,KEBAYORAN LAMA,-6.243886,106.7798594,Gramedia,-6.245216132590722,106.78374298920639,Bookstore
392,KEBAYORAN LAMA,-6.243886,106.7798594,Starbucks,-6.243939138552738,106.78412202777234,Coffee Shop
393,KEBAYORAN LAMA,-6.243886,106.7798594,Pizza é Birra,-6.244173380574593,106.78422720971031,Pizza Place
394,KEBAYORAN LAMA,-6.243886,106.7798594,REMBOELAN Indonesian Soulfood,-6.24474998741818,106.7838164975852,Indonesian Restaurant
395,KEBAYORAN LAMA,-6.243886,106.7798594,TOUS les JOURS,-6.243336212546566,106.78372797295718,Bakery
396,KEBAYORAN LAMA,-6.243886,106.7798594,CoCo ICHIBANYA,-6.245347865779762,106.7838444175771,Japanese Restaurant
397,KEBAYORAN LAMA,-6.243886,106.7798594,Payless ShoeSource,-6.244701233030566,106.78357478382699,Shoe Store
398,KEBAYORAN LAMA,-6.243886,106.7798594,FAT STRAW,-6.24327850188463,106.78372698472614,Bubble Tea Shop
399,KEBAYORAN LAMA,-6.243886,106.7798594,Bing Go Korean Cafe,-6.243877861174994,106.78414463947365,Dessert Shop
400,KEBAYORAN LAMA,-6.243886,106.7798594,Bebek Bengil,-6.244106194246194,106.78425556598654,Asian Restaurant
401,KEBAYORAN LAMA,-6.243886,106.7798594,Häagen-Dazs,-6.244114660236306,106.78428118448366,Ice Cream Shop
402,KEBAYORAN LAMA,-6.243886,106.7798594,ZENBU House of Mozaru,-6.243185084775851,106.78356523390057,Japanese Restaurant
403,KEBAYORAN LAMA,-6.243886,106.7798594,Ojju K•Food,-6.245075396291947,106.78372994693203,Korean Restaurant
404,KEBAYORAN LAMA,-6.243886,106.7798594,T.G.I. Friday's,-6.244736988590044,106.78377501892872,American Restaurant
405,KEBAYORAN LAMA,-6.243886,106.7798594,Steak Hotel By Holycow! TKP Gandaria City,-6.244019788313514,106.78412976630274,Steakhouse
406,KEBAYORAN LAMA,-6.243886,106.7798594,Seribu Rasa,-6.243137249901272,106.78332326681421,Seafood Restaurant
407,KEBAYORAN LAMA,-6.243886,106.7798594,Chung Gi Wa 청기와,-6.243242109631239,106.78355214919824,Korean Restaurant
408,KEBAYORAN LAMA,-6.243886,106.7798594,Nanny's Pavillon - Sewing Room,-6.2439259059114605,106.7841062088761,French Restaurant
409,KEBAYORAN LAMA,-6.243886,106.7798594,Hong Tang,-6.244341,106.783966,Dessert Shop
410,KEBAYORAN LAMA,-6.243886,106.7798594,Fish & Co.™,-6.243999284123771,106.78419419495678,Fish & Chips Shop
411,KEBAYORAN LAMA,-6.243886,106.7798594,Jeans Chilli Chicken,-6.244047282868018,106.78429537041863,Fried Chicken Joint
412,KEBAYORAN LAMA,-6.243886,106.7798594,Oh La La,-6.244064319049569,106.78423400390929,Café
413,KEBAYORAN LAMA,-6.243886,106.7798594,H&M,-6.2442353,106.7831645,Clothing Store
414,KEBAYORAN LAMA,-6.243886,106.7798594,Jonas Photo,-6.246208155442156,106.78167548742057,Art Gallery
415,KEBAYORAN LAMA,-6.243886,106.7798594,Menya Sakura Ramen,-6.244200824941306,106.78322632707285,Ramen Restaurant
416,KEBAYORAN LAMA,-6.243886,106.7798594,FOOK YEW,-6.245309820755882,106.78380954544991,Chinese Restaurant
417,KEBAYORAN LAMA,-6.243886,106.7798594,KyoChon,-6.244835798404748,106.78404906185271,Korean Restaurant
418,KEBAYORAN LAMA,-6.243886,106.7798594,Tai Parfait,-6.244224648749692,106.78399529747652,Dessert Shop
419,KEBAYORAN LAMA,-6.243886,106.7798594,Kitchenette,-6.244768023489433,106.78411580454194,Café
420,KEBAYORAN LAMA,-6.243886,106.7798594,DJOURNAL COFFEE,-6.244002833491194,106.78420432021615,Coffee Shop
421,KEBAYORAN LAMA,-6.243886,106.7798594,Dairy Queen,-6.244571594734624,106.78352832452211,Ice Cream Shop
422,KEBAYORAN LAMA,-6.243886,106.7798594,Chatime,-6.244571582580269,106.78332986174574,Bubble Tea Shop
423,KEBAYORAN LAMA,-6.243886,106.7798594,Crystal Jade,-6.243412,106.78383,Chinese Restaurant
424,KEBAYORAN LAMA,-6.243886,106.7798594,Maison Tatsuya,-6.243725840886164,106.78396271134716,Japanese Restaurant
425,KEBAYORAN LAMA,-6.243886,106.7798594,PABLO,-6.245026331440154,106.78385328624235,Pie Shop
426,KEBAYORAN LAMA,-6.243886,106.7798594,EXCELSO,-6.244086221905967,106.78427656732967,Coffee Shop
427,KEBAYORAN LAMA,-6.243886,106.7798594,Domino's Pizza,-6.242959035447106,106.78359206519427,Pizza Place
428,KEBAYORAN LAMA,-6.243886,106.7798594,Premiere Gandaria,-6.243922812567288,106.78360358610655,Multiplex
429,KEBAYORAN LAMA,-6.243886,106.7798594,roppan ロッパン,-6.244006181261099,106.78421881600921,Snack Place
430,KEBAYORAN LAMA,-6.243886,106.7798594,Yoshinoya (吉野家),-6.244324313117133,106.78380040179434,Japanese Restaurant
431,KEBAYORAN LAMA,-6.243886,106.7798594,BreadLife,-6.244620829027867,106.78358654478035,Bakery
432,KEBAYORAN LAMA,-6.243886,106.7798594,Gandaria City (foodcourt),-6.245099450951806,106.78416235106332,Arcade
433,KEBAYORAN LAMA,-6.243886,106.7798594,Bon Chon,-6.2440780000536105,106.78348261655725,Fried Chicken Joint
434,KEBAYORAN LAMA,-6.243886,106.7798594,Pepper Lunch,-6.244366123464819,106.7838322430283,Steakhouse
435,KEBAYORAN LAMA,-6.243886,106.7798594,White Hunter Grill & Bar,-6.244867116160877,106.78403393946456,Steakhouse
436,KEBAYORAN LAMA,-6.243886,106.7798594,La Hoya Comida Mexicana,-6.244523753592211,106.78405182207108,Mexican Restaurant
437,KEBAYORAN LAMA,-6.243886,106.7798594,J.Co Donuts & Coffee,-6.244607370301134,106.7833549974391,Donut Shop
438,KEBAYORAN LAMA,-6.243886,106.7798594,EAT and EAT,-6.24476888054423,106.78341845543385,Food Court
439,KEBAYORAN LAMA,-6.243886,106.7798594,Shihlin Taiwan Street Snacks,-6.244676360981904,106.78350023284686,Fast Food Restaurant
440,KEBAYORAN LAMA,-6.243886,106.7798594,Electronic Solution,-6.244952798830517,106.78310242697073,Electronics Store
441,KEBAYORAN LAMA,-6.243886,106.7798594,The Butcher,-6.245440852585983,106.7837312882663,Steakhouse
442,KEBAYORAN LAMA,-6.243886,106.7798594,Lokananta Terrace Resto,-6.24446319367225,106.78422759861924,Steakhouse
443,KEBAYORAN LAMA,-6.243886,106.7798594,Kopi Tiam,-6.244585009772169,106.78381141740951,Restaurant
444,KEBAYORAN LAMA,-6.243886,106.7798594,Délifrance,-6.2443935785652736,106.7842265192346,Deli / Bodega
445,KEBAYORAN LAMA,-6.243886,106.7798594,The Coffee Bean & Tea Leaf,-6.243164671283175,106.78343446509118,Coffee Shop
446,KEBAYORAN LAMA,-6.243886,106.7798594,iBox,-6.244081273768176,106.78367614746094,Electronics Store
447,KEBAYORAN LAMA,-6.243886,106.7798594,Seskoal Driving Range,-6.242681912699012,106.7760200739194,Golf Course
448,MAMPANG PRAPATAN,-6.249373599999999,106.8218597,Kedai Betawi Bang Adi,-6.24844,106.824555,Indonesian Restaurant
449,MAMPANG PRAPATAN,-6.249373599999999,106.8218597,McDonald's Mampang,-6.2492266,106.82572,Fast Food Restaurant
450,MAMPANG PRAPATAN,-6.249373599999999,106.8218597,KFC,-6.251491957183136,106.82142416709696,Fast Food Restaurant
451,MAMPANG PRAPATAN,-6.249373599999999,106.8218597,Mie Ayam Dedy,-6.248139372787728,106.8248752873399,Noodle House
452,MAMPANG PRAPATAN,-6.249373599999999,106.8218597,Ayam Penyet 'Everest',-6.248581857860788,106.82620404030118,Indonesian Restaurant
453,PANCORAN,-6.2532977,106.84497749999998,Sate Khas Senayan,-6.252984851450887,106.84262623201548,Indonesian Restaurant
454,PANCORAN,-6.2532977,106.84497749999998,Lontong Sayur Kalibata,-6.255600990026926,106.84414610121404,Asian Restaurant
455,PANCORAN,-6.2532977,106.84497749999998,Super Indo,-6.253016210071208,106.84271835153096,Supermarket
456,PANCORAN,-6.2532977,106.84497749999998,Slank Residence,-6.255279601451085,106.84281349182129,Music Venue
457,PANCORAN,-6.2532977,106.84497749999998,Mie Aceh Jaly Jaly,-6.250928175237112,106.84268482676401,Acehnese Restaurant
458,PANCORAN,-6.2532977,106.84497749999998,Warung Arbaya,-6.2552156,106.84639,Food Court
459,PANCORAN,-6.2532977,106.84497749999998,Roti Bakar Eddy,-6.2518412,106.8427309,Food Stand
460,PANCORAN,-6.2532977,106.84497749999998,Restoran Datuk Padang,-6.249829863295785,106.842866380564,Padangnese Restaurant
461,PANCORAN,-6.2532977,106.84497749999998,Pusat Kuliner Jajan Makan TMP Kalibata,-6.255464081008418,106.84707304404581,Street Food Gathering
462,PANCORAN,-6.2532977,106.84497749999998,Sate Kambing Ibu Yanti,-6.253544122963486,106.84069119497953,Steakhouse
463,PANCORAN,-6.2532977,106.84497749999998,McDonald's,-6.2502136,106.842865,Fast Food Restaurant
464,PANCORAN,-6.2532977,106.84497749999998,"Rumah Makan Padang ""Minang Raya""",-6.2534997412322975,106.84204524935534,Restaurant
465,PANCORAN,-6.2532977,106.84497749999998,Roti Comel Cadbury - Pancoran,-6.25017241938166,106.84272516053595,Indonesian Restaurant
466,PANCORAN,-6.2532977,106.84497749999998,Bebek Jumbo,-6.253796155697485,106.8427366844721,Javanese Restaurant
467,PANCORAN,-6.2532977,106.84497749999998,Pecel Pincuk Kalibata,-6.255357580767697,106.84825330175245,Indonesian Restaurant
468,PANCORAN,-6.2532977,106.84497749999998,Universitas Trilogi,-6.253209692203039,106.8494840495932,University
469,PASAR MINGGU,-6.2856421,106.8297347,Gaban Music Studio,-6.286558583852291,106.83182589599645,Music Store
470,PASAR MINGGU,-6.2856421,106.8297347,Hoka Hoka Bento 24 hrs,-6.286079196416803,106.82980411493031,Japanese Restaurant
471,PASAR MINGGU,-6.2856421,106.8297347,Bubur Ayam Sinar Garut,-6.28601468575862,106.83063111263762,Food Truck
472,PASAR MINGGU,-6.2856421,106.8297347,"Bakso Kota Cak Man, Pasar Minggu",-6.28602,106.834,Fast Food Restaurant
473,PASAR MINGGU,-6.2856421,106.8297347,Kedai Ina,-6.285715808963895,106.8291680048674,Breakfast Spot
474,PASAR MINGGU,-6.2856421,106.8297347,Bakmi Bangka Ragunan,-6.286085861807782,106.83062063689793,Asian Restaurant
475,PASAR MINGGU,-6.2856421,106.8297347,Circle K,-6.286106,106.833022,Convenience Store
476,PASAR MINGGU,-6.2856421,106.8297347,Circle K,-6.286197857945756,106.8307758126767,Convenience Store
477,PASAR MINGGU,-6.2856421,106.8297347,Halte TransJakarta Jatipadang,-6.285517955057638,106.82624929726447,Bus Station
478,PASAR MINGGU,-6.2856421,106.8297347,SMAN 28 Jakarta,-6.285917211151082,106.83334012419738,High School
479,PASAR MINGGU,-6.2856421,106.8297347,Hoka Hoka Bento,-6.286063986246172,106.8297259850722,Japanese Restaurant
480,PESANGGRAHAN,-6.2488302000000004,106.759631,Restoran Putra Minang,-6.248879,106.756628,Indonesian Restaurant
481,PESANGGRAHAN,-6.2488302000000004,106.759631,"Bakso Sehat Bakso Atom ""Pesanggrahan""",-6.250309706558244,106.75972938537598,Noodle House
482,PESANGGRAHAN,-6.2488302000000004,106.759631,Mie Aceh Bang Jaly,-6.245723710157699,106.75685405731201,Noodle House
483,PESANGGRAHAN,-6.2488302000000004,106.759631,Siomay & Batagor CHIP,-6.251589512333446,106.7565107345581,Food Truck
484,PESANGGRAHAN,-6.2488302000000004,106.759631,Warkop Pusing Aing,-6.246475745489233,106.76306850255763,Noodle House
485,SETIA BUDI,-6.2196,106.8326,Carl's Jr.,-6.219847487912795,106.83334828819707,Fast Food Restaurant
486,SETIA BUDI,-6.2196,106.8326,Caribou Coffee,-6.219847468061142,106.83342885242747,Coffee Shop
487,SETIA BUDI,-6.2196,106.8326,Bluegrass Bar & Grill,-6.219456372343262,106.83436519174951,Bar
488,SETIA BUDI,-6.2196,106.8326,Starbucks,-6.220910681771021,106.83248442748199,Coffee Shop
489,SETIA BUDI,-6.2196,106.8326,Lucky Cat Coffee & Kitchen,-6.221703237484325,106.83349504367631,Coffee Shop
490,SETIA BUDI,-6.2196,106.8326,Bebek Kuningan,-6.221708760352391,106.83336865649945,Asian Restaurant
491,SETIA BUDI,-6.2196,106.8326,Citadines Rasuna Jakarta,-6.21938445973599,106.83209432936471,Hotel
492,SETIA BUDI,-6.2196,106.8326,Trattoria Cucina Italiana,-6.2193827791754765,106.83342044400575,Italian Restaurant
493,SETIA BUDI,-6.2196,106.8326,Otel Lobby,-6.219003321003167,106.83423627378728,Gastropub
494,SETIA BUDI,-6.2196,106.8326,pokenbir,-6.216982258132307,106.83015716002771,BBQ Joint
495,SETIA BUDI,-6.2196,106.8326,Pizza Barboni,-6.221866885784979,106.83285089003114,Pizza Place
496,SETIA BUDI,-6.2196,106.8326,The Grove Suites by Grand Aston,-6.21755937001393,106.83422691390841,Hotel
497,SETIA BUDI,-6.2196,106.8326,Warunk Upnormal,-6.221716846198391,106.83254255210626,Café
498,SETIA BUDI,-6.2196,106.8326,The Westin Jakarta,-6.2237853580034885,106.83355459069595,Hotel
499,SETIA BUDI,-6.2196,106.8326,Usmar Ismail Hall,-6.22198654871735,106.83315883547672,Concert Hall
500,SETIA BUDI,-6.2196,106.8326,Saigon Cafe,-6.219823311501241,106.83335044477366,Vietnamese Restaurant
501,SETIA BUDI,-6.2196,106.8326,Food Colony,-6.221599831732492,106.83378711229922,Food Court
502,SETIA BUDI,-6.2196,106.8326,Elite Club Epicentrum,-6.2200965364021155,106.83451708523731,Gym
503,SETIA BUDI,-6.2196,106.8326,Decanter Wine House,-6.216386022056447,106.83107497752523,Wine Bar
504,SETIA BUDI,-6.2196,106.8326,MMC Coffee Shop & Cafeteria,-6.220212545504833,106.83240628712849,Coffee Shop
505,SETIA BUDI,-6.2196,106.8326,Domino's Pizza,-6.218548,106.83509,Pizza Place
506,SETIA BUDI,-6.2196,106.8326,Aphrodite Bar & Restaurant,-6.220144353469989,106.83449565367893,Sports Bar
507,SETIA BUDI,-6.2196,106.8326,Dim Sum Inc.,-6.22184037675056,106.8331117454584,Dim Sum Restaurant
508,SETIA BUDI,-6.2196,106.8326,Starbucks,-6.221800405196635,106.8316912606059,Coffee Shop
509,SETIA BUDI,-6.2196,106.8326,Swimming Pool Apartment Taman Rasuna,-6.218057569121721,106.83679461479187,Pool
510,SETIA BUDI,-6.2196,106.8326,Pizza Hut,-6.220771054116616,106.83229655671988,Pizza Place
511,SETIA BUDI,-6.2196,106.8326,JS Luwansa Hotel & Convention Center,-6.223227770252114,106.83283783927233,Hotel
512,SETIA BUDI,-6.2196,106.8326,Bebek Bengil - Dirty Duck Diner,-6.217795432453454,106.83535358328169,Balinese Restaurant
513,SETIA BUDI,-6.2196,106.8326,GOR Soemantri Brodjonegoro,-6.22180117351063,106.8336732896983,Stadium
514,SETIA BUDI,-6.2196,106.8326,Epicentrum XXI,-6.2167082350713665,106.83487107583336,Multiplex
515,SETIA BUDI,-6.2196,106.8326,Starbucks Reserve,-6.215846471394305,106.8303575025412,Coffee Shop
516,SETIA BUDI,-6.2196,106.8326,Starbucks,-6.217986039132089,106.83524499937803,Coffee Shop
517,SETIA BUDI,-6.2196,106.8326,Liquid Exchange,-6.21811041597684,106.83542586530098,Restaurant
518,SETIA BUDI,-6.2196,106.8326,d'Consulate,-6.218770024009512,106.83525777311446,Diner
519,SETIA BUDI,-6.2196,106.8326,Avara Lounge,-6.21813605364088,106.83544215008686,Café
520,SETIA BUDI,-6.2196,106.8326,ESCALATOR coffeehouse,-6.2189734920847535,106.83695311761744,Coffee Shop
521,SETIA BUDI,-6.2196,106.8326,Mezza Cafe Aston Rasuna,-6.218505299053866,106.8364965587821,Diner
522,SETIA BUDI,-6.2196,106.8326,Sky Garden Cafe,-6.220898818743012,106.82903331318055,Café
523,SETIA BUDI,-6.2196,106.8326,Maxx Coffee Menara Lippo Kuningan,-6.216865445888053,106.83017758813041,Coffee Shop
524,SETIA BUDI,-6.2196,106.8326,The Lounge @ Epicentrum XXI,-6.2166757146546034,106.83499849325108,Lounge
525,SETIA BUDI,-6.2196,106.8326,Setiabudi Building,-6.216064741541737,106.82992242953863,Building
526,SETIA BUDI,-6.2196,106.8326,Grand Futsal Kuningan,-6.220764267119206,106.82877633281667,Soccer Field
527,SETIA BUDI,-6.2196,106.8326,Rasuna Icon,-6.22084468730151,106.82914935004847,Hotel
528,TEBET,-6.226016400000001,106.858396,Sarang Oci,-6.227948281855372,106.85643833818511,Manadonese Restaurant
529,TEBET,-6.226016400000001,106.858396,Gor tebet jakarta selatan,-6.229219606298139,106.85818616735065,Basketball Court
530,TEBET,-6.226016400000001,106.858396,Warunk Upnormal,-6.225836292534978,106.85756122677053,Café
531,TEBET,-6.226016400000001,106.858396,Burger King,-6.224728039897462,106.85502638989445,Fast Food Restaurant
532,TEBET,-6.226016400000001,106.858396,Sate Habib Kambing Muda,-6.225245667516681,106.86169682087196,Middle Eastern Restaurant
533,TEBET,-6.226016400000001,106.858396,Delicio,-6.227591908751913,106.857022811123,Bakery
534,TEBET,-6.226016400000001,106.858396,Alfamidi Asembaris,-6.228659166754913,106.85899993039484,Grocery Store
535,TEBET,-6.226016400000001,106.858396,Sambal Khas Karmila,-6.225753337456977,106.85741741215192,Indonesian Restaurant
536,TEBET,-6.226016400000001,106.858396,Cake Storage,-6.225786087905283,106.857569789413,Bakery
537,TEBET,-6.226016400000001,106.858396,Soto Ayam Surabaya H. Nandar,-6.228353531825773,106.85590348385966,Soup Place
538,TEBET,-6.226016400000001,106.858396,Fat Bubble,-6.228535393023481,106.856072157627,Dessert Shop
539,TEBET,-6.226016400000001,106.858396,Sleepless Owls,-6.226018014658086,106.85472189481781,Food Truck
540,TEBET,-6.226016400000001,106.858396,Foodtopia,-6.225422,106.854981,Indonesian Restaurant
541,TEBET,-6.226016400000001,106.858396,Dunkin',-6.225279878763074,106.85503266229891,Donut Shop
542,TEBET,-6.226016400000001,106.858396,Sate & Sop H. Mansur,-6.22500360204527,106.8620275120288,Indonesian Restaurant
543,TEBET,-6.226016400000001,106.858396,Kopitiam Oey,-6.227592633628846,106.85729742050171,Coffee Shop
544,TEBET,-6.226016400000001,106.858396,Snapy,-6.225519398144821,106.8549579286075,Paper / Office Supplies Store
545,TEBET,-6.226016400000001,106.858396,Smarapura Resto,-6.228675280740721,106.85636184726258,Asian Restaurant
546,TEBET,-6.226016400000001,106.858396,Q-tha photography,-6.229711709746383,106.8564030440085,Art Gallery
547,TEBET,-6.226016400000001,106.858396,Pizza Hut,-6.225081714913511,106.85530120561783,Pizza Place
548,TEBET,-6.226016400000001,106.858396,"Sate Taichan ""Goreng"" Tebet",-6.228475738220591,106.85568943619728,Satay Restaurant
549,TEBET,-6.226016400000001,106.858396,Bebek Kaleyo,-6.2257157276436335,106.85692090597084,Indonesian Restaurant
550,TEBET,-6.226016400000001,106.858396,Eat Happens Food Place,-6.228043843253326,106.85511965352538,Restaurant
551,TEBET,-6.226016400000001,106.858396,FISHBOMBER Seafood Cafe,-6.227029,106.8581,Seafood Restaurant
552,TEBET,-6.226016400000001,106.858396,Comic cafe - The citiscape,-6.228411343557009,106.85499380221488,Café
553,TEBET,-6.226016400000001,106.858396,Ouval Research Tebet,-6.226229985232548,106.85496391040219,Clothing Store
554,TEBET,-6.226016400000001,106.858396,Bakso Boedjangan Tebet Raya,-6.228873,106.85491,Indonesian Meatball Place
555,TEBET,-6.226016400000001,106.858396,Sambel Hejo Sambel Dadak,-6.229207856737709,106.85627890179057,Indonesian Restaurant
556,TEBET,-6.226016400000001,106.858396,DIVA TEBET™,-6.228568912158739,106.85514288005763,Karaoke Bar
557,TEBET,-6.226016400000001,106.858396,Sop Duren Addict,-6.2270935604599975,106.85499848405968,Dessert Shop
558,TEBET,-6.226016400000001,106.858396,Resto Dapur Buntut,-6.224968408132574,106.86191842197073,Asian Restaurant
559,TEBET,-6.226016400000001,106.858396,Martabak Boss,-6.227008182650803,106.85477375527503,Snack Place
560,TEBET,-6.226016400000001,106.858396,Kompleks Gudang Peluru,-6.229964229345504,106.85999687981183,Housing Development
561,TEBET,-6.226016400000001,106.858396,Dunkin Donuts Tebet,-6.224794074624328,106.85407799004442,Bakery
562,TEBET,-6.226016400000001,106.858396,Pempek Palembang 161 Tebet,-6.227772822186076,106.85503305773857,Asian Restaurant
563,TEBET,-6.226016400000001,106.858396,Warung Desa,-6.224915264127925,106.85651947594553,Asian Restaurant
564,TEBET,-6.226016400000001,106.858396,DIVA Karaoke Family Tebet,-6.225150816846953,106.85514830337284,Karaoke Bar
565,TEBET,-6.226016400000001,106.858396,Sedap Wangi,-6.224755459383443,106.854144021966,Bakery
566,TEBET,-6.226016400000001,106.858396,Endorse Delight Store,-6.227881751017987,106.85479511786173,Boutique
567,TEBET,-6.226016400000001,106.858396,Cibiuk Sunda Resto,-6.224685410737298,106.85460121330703,Sundanese Restaurant
568,TEBET,-6.226016400000001,106.858396,Circle K,-6.229297,106.858213,Convenience Store
569,TEBET,-6.226016400000001,106.858396,Rumah Tebet Cafe,-6.226931182251919,106.85483137801916,Pool Hall
570,TEBET,-6.226016400000001,106.858396,Bebek Ginyo,-6.227277282835515,106.8549206101981,Indonesian Restaurant
571,TEBET,-6.226016400000001,106.858396,Comic Cafe,-6.228387252201125,106.85518305715652,Café
572,TEBET,-6.226016400000001,106.858396,sushi-ya,-6.228552639103924,106.85510902972237,Sushi Restaurant
573,TEBET,-6.226016400000001,106.858396,Ayam Bakar Wong Solo,-6.225023499079236,106.8568624413363,Indonesian Restaurant
574,TEBET,-6.226016400000001,106.858396,DeJons Burger & Torry Coffee,-6.228006630073214,106.85520162558619,Burger Joint
575,TEBET,-6.226016400000001,106.858396,Diva Family Karaoke,-6.22853967734489,106.85513818798619,Karaoke Bar
576,TEBET,-6.226016400000001,106.858396,STABET - Nasi Jamblang Tulen,-6.225971436223454,106.85806979970633,Restaurant
577,TEBET,-6.226016400000001,106.858396,Dunkin',-6.225280726421226,106.85505696054527,Donut Shop
578,TEBET,-6.226016400000001,106.858396,Alfamidi,-6.226154518139389,106.85910126398072,Convenience Store
579,TEBET,-6.226016400000001,106.858396,Stasiun Tebet,-6.226204783574351,106.85838672957236,Train Station
580,TEBET,-6.226016400000001,106.858396,Circle K,-6.226210607749533,106.85480256664526,Convenience Store
581,TEBET,-6.226016400000001,106.858396,Circle K,-6.2263022575359175,106.85482503952653,Convenience Store
582,TEBET,-6.226016400000001,106.858396,Mie Ayam Senjaya,-6.228360523860491,106.85604210647844,Noodle House
583,TEBET,-6.226016400000001,106.858396,Ayam Bakar Mas Mono,-6.228246558950699,106.85544144266127,Indonesian Restaurant
584,TEBET,-6.226016400000001,106.858396,Bakso Gondrong,-6.227834372892985,106.85643574942665,Indonesian Meatball Place
585,TEBET,-6.226016400000001,106.858396,Sushi Obama,-6.228258765933916,106.85547363153754,Sushi Restaurant
586,TEBET,-6.226016400000001,106.858396,Venice Cafe Tebet,-6.228355153191326,106.8557908476971,Café
587,TEBET,-6.226016400000001,106.858396,Jalan Kampung Melayu Kecil III,-6.224574002178071,106.86050536905367,Dog Run
588,TEBET,-6.226016400000001,106.858396,Bloop,-6.226501198339743,106.85495140204256,Boutique
589,TEBET,-6.226016400000001,106.858396,Endorse Distro,-6.227859271647666,106.85490489006042,Clothing Store
590,TEBET,-6.226016400000001,106.858396,Waroeng Ma' Kita,-6.225399319493874,106.86220720977357,Asian Restaurant
591,CAKUNG,-6.185562,106.94010949999999,SPBU Shell,-6.184535627583271,106.94450418339025,Gas Station
592,CAKUNG,-6.185562,106.94010949999999,"STAR ORANGE Executive Karaoke, Lounge & Live Music",-6.184367792230188,106.94361644806959,Lounge
593,CAKUNG,-6.185562,106.94010949999999,Cakung,-6.183888447643762,106.94254425279902,Neighborhood
594,CIPAYUNG,-6.3293992,106.9037389,MultiMedia Computer,-6.32677,106.9042509,Shop & Service
595,CIPAYUNG,-6.3293992,106.9037389,Ayam Bakar Pamul Restaurant,-6.3266034,106.90299,Restaurant
596,CIRACAS,-6.3296345999999994,106.8766039,Tanah abang,-6.331915195341717,106.87763384226135,Department Store
597,CIRACAS,-6.3296345999999994,106.8766039,Taman mahoni,-6.333209256230499,106.87467751849934,Playground
598,DUREN SAWIT,-6.2341378,106.9192472,Thamra Kurma,-6.2354465084136415,106.92279023190551,Mediterranean Restaurant
599,DUREN SAWIT,-6.2341378,106.9192472,Starbucks,-6.234872037721032,106.9217527169344,Coffee Shop
600,DUREN SAWIT,-6.2341378,106.9192472,Bakso Rusuk Radin Inten,-6.232358097748952,106.92249102888606,Indonesian Meatball Place
601,DUREN SAWIT,-6.2341378,106.9192472,Bakso Rusuk Solo,-6.232480741315562,106.92225448529659,Indonesian Meatball Place
602,DUREN SAWIT,-6.2341378,106.9192472,Indomaret,-6.2361476298327885,106.92246243696071,Convenience Store
603,JATINEGARA,-6.2149760999999994,106.8703405,Pusat Batu dan permata Rawa bening Jatinegara,-6.216151171674131,106.86983138595205,Jewelry Store
604,JATINEGARA,-6.2149760999999994,106.8703405,Toko Prapatan,-6.216740465412823,106.86705856289315,Arts & Crafts Store
605,JATINEGARA,-6.2149760999999994,106.8703405,Jakarta Gems Center (JGC),-6.215970851636897,106.86900125367978,Jewelry Store
606,JATINEGARA,-6.2149760999999994,106.8703405,RM Sederhana,-6.218169215952016,106.87020564730668,Indonesian Restaurant
607,JATINEGARA,-6.2149760999999994,106.8703405,Cafe Zamrud,-6.219320225905451,106.87118259047226,Asian Restaurant
608,JATINEGARA,-6.2149760999999994,106.8703405,Dunkin',-6.2150244716439,106.87028632461897,Donut Shop
609,JATINEGARA,-6.2149760999999994,106.8703405,Sop & Sate kambing Bang Dudung Kp.Melayu,-6.211529866937999,106.87100089634482,Food Truck
610,JATINEGARA,-6.2149760999999994,106.8703405,KFC,-6.215080211284459,106.87085106660396,Fast Food Restaurant
611,JATINEGARA,-6.2149760999999994,106.8703405,Bubur sukabumi jatinegara,-6.216848936463716,106.86700283468139,Asian Restaurant
612,JATINEGARA,-6.2149760999999994,106.8703405,Hoka Hoka Bento,-6.218342536668436,106.86749110967001,Japanese Restaurant
613,JATINEGARA,-6.2149760999999994,106.8703405,Ayam Goreng Bu Haji,-6.216458107118565,106.8702632739554,Asian Restaurant
614,JATINEGARA,-6.2149760999999994,106.8703405,Loving Hut Jatinegara,-6.218453780500594,106.86852081785153,Vegetarian / Vegan Restaurant
615,JATINEGARA,-6.2149760999999994,106.8703405,Jakarta Gems Centre,-6.216019877728072,106.86995610150326,Jewelry Store
616,JATINEGARA,-6.2149760999999994,106.8703405,Pasar Rawa Bening Pusat Batu Permata,-6.21543694868335,106.87100089634482,Jewelry Store
617,JATINEGARA,-6.2149760999999994,106.8703405,Stasiun Jatinegara,-6.2150457456993164,106.87077038909196,Train Station
618,JATINEGARA,-6.2149760999999994,106.8703405,order 'N buy. Toys & figure online store,-6.217549,106.872639,Toy / Game Store
619,KRAMAT JATI,-6.2754768,106.8703757,Bakmi Surya Kramat Jati,-6.272413659378513,106.86721844585993,Noodle House
620,KRAMAT JATI,-6.2754768,106.8703757,RS Pusdikkes Kodiklat TNI AD,-6.277033110573386,106.86913955693095,Hospital
621,KRAMAT JATI,-6.2754768,106.8703757,Rumah Makan Surya,-6.2723822212483435,106.86728280889467,Chinese Restaurant
622,KRAMAT JATI,-6.2754768,106.8703757,Sea Food Nasi Uduk 21 Mustika,-6.279898957058429,106.8710527605088,Seafood Restaurant
623,MAKASAR,-6.2693413,106.8888175,RM.Sederhana Lintau 88 MuBa,-6.269212778824395,106.88924051999443,Indonesian Restaurant
624,MAKASAR,-6.2693413,106.8888175,"Bebek Koali ""Budiyono""",-6.267513446986169,106.89133255081946,Asian Restaurant
625,MAKASAR,-6.2693413,106.8888175,Citilink Lounge,-6.266654,106.886237,Airport Lounge
626,MAKASAR,-6.2693413,106.8888175,Bebek Goreng H. Yogi,-6.266374751299404,106.89162647403579,Indonesian Restaurant
627,MATRAMAN,-6.203624,106.86457859999999,Pizza Hut,-6.20238,106.863062,Pizza Place
628,MATRAMAN,-6.203624,106.86457859999999,KFC,-6.199892144853268,106.86264515730107,Fast Food Restaurant
629,MATRAMAN,-6.203624,106.86457859999999,Kantin SMAN 31 Jakarta,-6.2023187482105975,106.86508269642496,College Cafeteria
630,MATRAMAN,-6.203624,106.86457859999999,Baso Pakde SAM,-6.2062704,106.8647136,Dumpling Restaurant
631,MATRAMAN,-6.203624,106.86457859999999,Jl. Kayumanis 1 Baru,-6.202405460804456,106.8607262618744,Dog Run
632,PASAR REBO,-6.32497275,106.8533759,D'almond Cake and Bakery,-6.3270631884970445,106.8502669816622,Bakery
633,PASAR REBO,-6.32497275,106.8533759,"Bakso Sehat Bakso Atom ""Kalisari""",-6.327128755728719,106.85016772070571,Noodle House
634,PASAR REBO,-6.32497275,106.8533759,Salon Twins,-6.324255993501031,106.8506669998169,Cosmetics Shop
635,PASAR REBO,-6.32497275,106.8533759,Dapur Sambal,-6.327812911380809,106.85011619108508,Indonesian Restaurant
636,PULO GADUNG,-6.1911085,106.8906053,Stadion Atletik Rawamangun,-6.19229658344672,106.88894659983875,Athletics & Sports
637,PULO GADUNG,-6.1911085,106.8906053,Warung Tekko Rawamangun,-6.193421418085801,106.89299869702727,Indonesian Restaurant
638,PULO GADUNG,-6.1911085,106.8906053,Quiznos Sub,-6.193680055155834,106.88740819800417,Sandwich Place
639,PULO GADUNG,-6.1911085,106.8906053,Dunkin',-6.19364902369864,106.89046713478041,Donut Shop
640,PULO GADUNG,-6.1911085,106.8906053,Bebek Kaleyo,-6.193260828978949,106.89281481919114,Indonesian Restaurant
641,PULO GADUNG,-6.1911085,106.8906053,Bakso Bakwan Malang Cak Su,-6.18849,106.894142,Indonesian Restaurant
642,PULO GADUNG,-6.1911085,106.8906053,ACE Hardware,-6.193589552506986,106.89414556414552,Hardware Store
643,PULO GADUNG,-6.1911085,106.8906053,Chatime,-6.193579136299486,106.89406009105275,Bubble Tea Shop
644,PULO GADUNG,-6.1911085,106.8906053,NoMiNoMi Delight,-6.193627172328452,106.89304620628283,Dessert Shop
645,PULO GADUNG,-6.1911085,106.8906053,Nasi Uduk OK,-6.195073986074113,106.89124939142893,Indonesian Restaurant
646,PULO GADUNG,-6.1911085,106.8906053,Pizza Hut,-6.193132212908711,106.89213125841889,Pizza Place
647,PULO GADUNG,-6.1911085,106.8906053,Pizza Hut,-6.189159836271274,106.8871485082746,Pizza Place
648,PULO GADUNG,-6.1911085,106.8906053,Richeese Factory,-6.194016494192664,106.89066410064697,Fast Food Restaurant
649,PULO GADUNG,-6.1911085,106.8906053,Circle K,-6.194262,106.891341,Convenience Store
650,PULO GADUNG,-6.1911085,106.8906053,Starbucks,-6.1952715,106.89136,Coffee Shop
651,PULO GADUNG,-6.1911085,106.8906053,Circle K,-6.1947540993080565,106.89154578919377,Convenience Store
652,PULO GADUNG,-6.1911085,106.8906053,SUSHI MIYABI  OBe kitchen,-6.191805467296376,106.8915145718599,Café
653,PULO GADUNG,-6.1911085,106.8906053,Bakmi Golek,-6.194516002538647,106.8910976762709,Noodle House
654,PULO GADUNG,-6.1911085,106.8906053,Circle K,-6.194723123088056,106.89144205158149,Convenience Store
655,PULO GADUNG,-6.1911085,106.8906053,Circle K,-6.194633572743228,106.89126915566536,Convenience Store
656,PULO GADUNG,-6.1911085,106.8906053,HokBen,-6.193820801515202,106.89015686174031,Japanese Restaurant
657,PULO GADUNG,-6.1911085,106.8906053,Celsius Cafe & Grill,-6.191910850346784,106.89133257678769,Café
658,PULO GADUNG,-6.1911085,106.8906053,GOR Pulogadung (Rawamangun),-6.193433031105173,106.89113083902635,Athletics & Sports
659,PULO GADUNG,-6.1911085,106.8906053,Taman Arion Jakarta,-6.189358080826211,106.89116541817828,Garden
660,PULO GADUNG,-6.1911085,106.8906053,Bubur Ayam Cirebon Rawamangun,-6.195412438428488,106.89087797914975,Breakfast Spot
661,PULO GADUNG,-6.1911085,106.8906053,Arion XXI,-6.194045826251911,106.89018666744232,Multiplex
662,PULO GADUNG,-6.1911085,106.8906053,Bubur Ayam Cirebon,-6.19546166678241,106.89087277626732,Asian Restaurant
663,PULO GADUNG,-6.1911085,106.8906053,Hall Biru - GOR Pulogadung (Rawamangun),-6.192928200222075,106.88653185832926,Basketball Stadium
664,PULO GADUNG,-6.1911085,106.8906053,Kampus B Universitas Negeri Jakarta,-6.192333599459512,106.88823773513258,College Academic Building
665,PULO GADUNG,-6.1911085,106.8906053,McDonald's,-6.193803681491908,106.89017496870481,Fast Food Restaurant
666,PULO GADUNG,-6.1911085,106.8906053,Warung Léko,-6.193428219102255,106.89300045941154,Indonesian Restaurant
667,PULO GADUNG,-6.1911085,106.8906053,Nasi Goreng & Mie Goreng Cirebon Rawamangun,-6.195398228346822,106.89105591754843,Food Truck
668,PULO GADUNG,-6.1911085,106.8906053,A&W Rawamangun,-6.194762161202851,106.8911835310856,Burger Joint
669,CILINCING,-6.12901455,106.94445379999999,Parkiran PT NYK PUNINAR LOGISTICS INDONESIA,-6.130562373819747,106.94163346716421,Park
670,CILINCING,-6.12901455,106.94445379999999,Medan Fair Plaza,-6.133116306143598,106.94525357299472,Shopping Mall
671,KELAPA GADING,-6.15993785,106.90248259999998,Mapogalmaegi korean BBQ (마포갈매기),-6.1582407763579825,106.90189961525641,Korean Restaurant
672,KELAPA GADING,-6.15993785,106.90248259999998,Rumah Makan Padang Garuda,-6.159104312542046,106.90314297473711,Indonesian Restaurant
673,KELAPA GADING,-6.15993785,106.90248259999998,Ernie Mie Siram dan Jajanan Pasar,-6.161747452024625,106.90463256821067,Asian Restaurant
674,KELAPA GADING,-6.15993785,106.90248259999998,Rumah Makan Padang Sederhana,-6.159584354257882,106.90586937430771,Indonesian Restaurant
675,KELAPA GADING,-6.15993785,106.90248259999998,Sushi Joobu,-6.1624733601034904,106.90408593149819,Japanese Restaurant
676,KELAPA GADING,-6.15993785,106.90248259999998,Bornga 본가,-6.157279695501674,106.90024370852592,Korean Restaurant
677,KELAPA GADING,-6.15993785,106.90248259999998,Bier & Flugel,-6.162597938304299,106.90394233311828,Pub
678,KELAPA GADING,-6.15993785,106.90248259999998,Pempek Palembang & Otak-Otak 161,-6.163570404035666,106.90344582645932,Indonesian Restaurant
679,KELAPA GADING,-6.15993785,106.90248259999998,Holycow! Steakhouse,-6.16384575460423,106.90317661068737,Steakhouse
680,KELAPA GADING,-6.15993785,106.90248259999998,"Nasi Campur ""Kenanga""",-6.158858652831914,106.90640876436011,Chinese Restaurant
681,KELAPA GADING,-6.15993785,106.90248259999998,Bukit Gading Villa,-6.155740103376597,106.90102068897072,Resort
682,KELAPA GADING,-6.15993785,106.90248259999998,Bakut Teh 100,-6.164053855100103,106.90305887715968,Asian Restaurant
683,KELAPA GADING,-6.15993785,106.90248259999998,Sop Buntut Ibu Henny,-6.164001758610918,106.90305314805357,Asian Restaurant
684,KELAPA GADING,-6.15993785,106.90248259999998,Jonisteak,-6.164324072074572,106.90275659590043,Steakhouse
685,KELAPA GADING,-6.15993785,106.90248259999998,Gohan-Ya,-6.164144977234024,106.9030897732489,Japanese Restaurant
686,KELAPA GADING,-6.15993785,106.90248259999998,Bakso Solo Samrat,-6.164388549208431,106.90292813356318,Javanese Restaurant
687,KELAPA GADING,-6.15993785,106.90248259999998,Pizza Hut,-6.163946982265784,106.90307248277381,Pizza Place
688,KELAPA GADING,-6.15993785,106.90248259999998,Sarang Oci,-6.163979611615049,106.90353870391846,Indonesian Restaurant
689,KELAPA GADING,-6.15993785,106.90248259999998,Casablanca Club,-6.159217362528722,106.89900675394094,Gym / Fitness Center
690,KELAPA GADING,-6.15993785,106.90248259999998,Casablanca club,-6.159127233833455,106.89904883251201,Gym / Fitness Center
691,KELAPA GADING,-6.15993785,106.90248259999998,Delta Spa Kelapa Gading,-6.159243295671486,106.89883059221535,Spa
692,KOJA,-6.12074995,106.9073621,"Mie Ayam Bakso ""IDA""",-6.119226029258966,106.90997724925484,Indonesian Restaurant
693,KOJA,-6.12074995,106.9073621,Pizza Hut,-6.120093594746985,106.90477848258324,Pizza Place
694,KOJA,-6.12074995,106.9073621,Pizza Hut,-6.125134752264073,106.90703203552441,Pizza Place
695,KOJA,-6.12074995,106.9073621,toko aa junior,-6.121412006346681,106.9106251001358,Bookstore
696,PADEMANGAN,-6.12905175,106.828972,Aston Marina,-6.129624028695692,106.82948528676206,Hotel
697,PADEMANGAN,-6.12905175,106.828972,Discovery Hotel & Convention Ancol,-6.126035007845067,106.8312603063585,Hotel
698,PADEMANGAN,-6.12905175,106.828972,Jaya Ancol Bowling Centre,-6.128302492585306,106.83178219859295,Bowling Alley
699,PADEMANGAN,-6.12905175,106.828972,Nelayan Seafood Restaurant,-6.128814034864657,106.82638853177778,Seafood Restaurant
700,PADEMANGAN,-6.12905175,106.828972,Discovery Hotel & Convention,-6.125649970724615,106.8315414567872,Hotel
701,PADEMANGAN,-6.12905175,106.828972,Pintu Gerbang Utama,-6.129072900763773,106.83299916739017,Theme Park
702,PADEMANGAN,-6.12905175,106.828972,BI Executive Hotel,-6.130623555537271,106.83236347826144,Hotel
703,PADEMANGAN,-6.12905175,106.828972,Galaxy Sports Ancol,-6.129642044144887,106.82776093482971,Athletics & Sports
704,PADEMANGAN,-6.12905175,106.828972,PlayStation Enterprise,-6.127968626471211,106.82971501051512,Toy / Game Store
705,PADEMANGAN,-6.12905175,106.828972,Kantin UBM,-6.130593007689113,106.82834374509125,Café
706,PADEMANGAN,-6.12905175,106.828972,Bakso Super Resto,-6.129013043881782,106.82939606299347,Asian Restaurant
707,PADEMANGAN,-6.12905175,106.828972,Kampung Bandan,-6.132310352759376,106.82838407630852,Train Station
708,PADEMANGAN,-6.12905175,106.828972,Ancol Barat,-6.12666951088584,106.82634447805458,Seafood Restaurant
709,PENJARINGAN,-6.11726515,106.7674334,Patung Kuda Laut,-6.116193375076993,106.76531488533506,Theme Park
710,PENJARINGAN,-6.11726515,106.7674334,Erha Clinic,-6.116187053346117,106.76797436849297,Pharmacy
711,PENJARINGAN,-6.11726515,106.7674334,Jeanny Ang,-6.116273,106.766701,Boutique
712,PENJARINGAN,-6.11726515,106.7674334,Fontana,-6.116378902189778,106.76787233326995,Spa
713,TANJUNG PRIOK,-6.12885785,106.87079320000001,Circle K,-6.132969373467583,106.87056869543673,Convenience Store
714,TANJUNG PRIOK,-6.12885785,106.87079320000001,Nasi Campur ALU Sunter,-6.129105406545969,106.87243580923028,Asian Restaurant
715,TANJUNG PRIOK,-6.12885785,106.87079320000001,Kiehl's,-6.129668601130449,106.87025751128986,Cosmetics Shop
716,KEPULAUAN SERIBU SELATAN,-5.80388725,106.52530630000001,Souvenir Tidung,-5.803205300000001,106.5237907,Clothing Store
717,KEPULAUAN SERIBU SELATAN,-5.80388725,106.52530630000001,On Boat (P.Tidung - P.Payung),-5.8058322997697545,106.52287873562427,Boat or Ferry
718,KEPULAUAN SERIBU UTARA,-5.65444335,106.5680838,Pulau Kaliage,-5.658058831881637,106.56948771789608,Resort
